[
	{
        "idPath": 1,
        "location": "Asti",
        "name": "Asti in 5 tappe",
        "imgPath": "p_asti_in_5_tappe.jpg",
        "target": "Famiglie",
        "type": 1,
        "duration": 3.5,
        "distance": 2.5,
        "rating": 4.3,
        "shortDescription": "Duemila anni di storia e bellezza, da scoprire in 5 tappe visitabili con un unico biglietto. Da Palazzo Mazzetti, cuore della vita culturale cittadina, a due edifici simbolo dell’Asti medievale: la Torre Troiana e il Complesso di San Pietro. Passando per la polvere della Domus romana e per la casa natale del poeta Vittorio Alfieri.",
        "description": "Asti è oggi famosa soprattutto per il suo vino spumante, ma forse non tutti sanno che questa città vanta più di duemila anni di storia. Se non si ha troppo tempo a disposizione, si può cominciare a esplorare il ricco patrimonio storico-artistico della città visitando questa selezione di 5 tappe, tutte accessibili con un unico biglietto. La Domus di epoca romana permette di scoprire le fasi più antiche della città e il recente lavoro di archeologi e restauratori. La Torre Troiana e il Complesso di San Pietro, con la loro presenza monumentale eppure discreta, fanno capire l’importanza che Asti raggiunse in epoca medievale e offrono punti di vista insoliti da cui osservare la città. Palazzo Mazzetti e Palazzo Alfieri sono invece scrigni che, dietro alla loro facciata geometrica, custodiscono collezioni di opere d’arte di notevole livello, oltre a testimoniare la grande fase di rinnovamento artistico promossa nel Settecento dalle locali famiglie nobiliari. A voi trovare la vostra atmosfera preferita…",
        "language": "it",
        "downloadUrl": "/path/1.zip",
        "poiList": [
            {
                "name": "Palazzo Mazzetti",
                "type": 1,
                "previewImgPath": "t1_p_asti_in_5_tappe.jpg",
                "shortDescription": "E’ forse il palazzo barocco più bello, dove si ritirano i biglietti per le visite. Ospita anche il Museo Civico e interessanti mostre temporanee",
                "rating": 4.5,
                "latLng": {
                    "lat": "44.899567",
                    "lng": "8.200621"
                },
				"polylinePoints": "el`qGau`q@ZtFR`BRrB"
            },
            {
                "name": "Palazzo Alfieri",
                "type": 1,
                "previewImgPath": "t2_p_asti_in_5_tappe.jpg",
                "shortDescription": "Qui si possono riscoprire le personalità di due astigiani D.O.C.: il poeta tragico Vittorio Alfieri e lo scenografo Eugenio Guglielminetti",
                "rating": 4.5,
                "latLng": {
                    "lat": "44.899195",
                    "lng": "8.198296"
                },
				"polylinePoints": "aj`qGuf`q@NvAq@LGBIP?L}@PoCr@HzCJx@aA\\"
            },
            {
                "name": "Domus romana",
                "type": 6,
                "previewImgPath": "t3_p_asti_in_5_tappe.jpg",
                "shortDescription": "E’ un autentico segreto, che tra polvere e silenzio testimonia uno spaccato di vita dell’antica <i>Hasta<i/>",
                "rating": 4.5,
                "latLng": {
                    "lat": "44.900564",
                    "lng": "8.196087"
                },
				"polylinePoints": "os`qGqx_q@e@@OAK[UuAOe@QgAc@oFGeCu@}DQ?HsAHaALu@HWh@a@LIPCCyATqCd@uCKwBCg@MKEA"
            },
            {
                "name": "Torre Troyana",
                "type": 8,
                "previewImgPath": "t4_p_asti_in_5_tappe.jpg",
                "shortDescription": "Simbolo di potere in età medievale e punto di riferimento cittadino a partire dal 1400, è oggi il luogo perfetto da cui ammirare la città dall’alto",
                "rating": 4.5,
                "latLng": {
                    "lat": "44.901062",
                    "lng": "8.204218"
                },
				"polylinePoints": "sv`qGikaq@RLJwBLaD@oAEeAJODK?OQs@e@oB}@aDk@mBi@gBi@aCUuAcAqG_AgFW_B"
            },
            {
                "name": "Complesso di San Pietro",
                "type": 4,
                "previewImgPath": "t5_p_asti_in_5_tappe.jpg",
                "shortDescription": "E’ imperdibile per la sua suggestiva atmosfera, creata dal battistero in stile romanico astigiano, dal chiostro e dalla singolare aula quattrocentesca",
                "rating": 3.7,
                "latLng": {
                    "lat": "44.902709",
                    "lng": "8.213394"
                },
				"polylinePoints": "gk`qGi{`q@QHe@JXfD"
            }
        ]
    },
    {
        "idPath": 2,
        "location": "Asti",
        "name": "I 10 Luoghi Imperdibili",
        "imgPath": "p_i_10_luoghi_imperdibili.jpg",
        "target": "Famiglie",
        "type": 1,
        "duration": 2.5,
        "distance": 1.5,
        "rating": 4.3,
        "shortDescription": "Un percorso in 10 tappe che raccoglie le esperienze e i luoghi più iconici di Asti. Scoprite la città salendo sulla torre medievale, esplorando l’arte delle chiese e dei palazzi settecenteschi, e scendendo persino in un’antica cripta. Senza dimenticare ciò per cui Asti è più famosa: l’enogastronomia e la corsa del Palio",
        "description": "Asti è una città  che può soddisfare molti tipi di turisti: amanti dell'enogastronomia, dell'arte, del folklore. Asti Ã¨ una citta  che può soddisfare molti tipi di turisti: amanti dell'enogastronomia, dell'arte, del folklore.",
        "language": "it",
        "downloadUrl": "/path/2.zip",
        "poiList": [
            {
                "name": "Collegiata di San Secondo",
                "type": 1,
                "previewImgPath": "t1_p_i_10_luoghi_imperdibili.jpg",
                "shortDescription": "Mostra alle origini del gusto. Qui potrebbero starcene 25. Mostra alle origini del gusto. Qui potrebbero starcene 25. Mostra alle origini del gusto. Qui potrebbero.",
                "rating": 4.5,
                "latLng": {
                    "lat": "44.899567",
                    "lng": "8.200621"
                }
            },
            {
                "name": "I Vini",
                "type": 1,
                "previewImgPath": "t2_p_i_10_luoghi_imperdibili.jpg",
                "shortDescription": "La casa natale del poeta",
                "rating": 4.5,
                "latLng": {
                    "lat": "44.899195",
                    "lng": "8.198296"
                }
            },
            {
                "name": "Palazzo Mazzetti",
                "type": 1,
                "previewImgPath": "t3_p_i_10_luoghi_imperdibili.jpg",
                "shortDescription": "Edificio di epoca romana",
                "rating": 4.5,
                "latLng": {
                    "lat": "44.900564",
                    "lng": "8.196087"
                }
            },
            {
                "name": "Cripta e Museo di Sant'Anastasio",
                "type": 1,
                "previewImgPath": "t4_p_i_10_luoghi_imperdibili.jpg",
                "shortDescription": "Uno dei simboli della citta'",
                "rating": 4.5,
                "latLng": {
                    "lat": "44.901062",
                    "lng": "8.204218"
                }
            },
            {
                "name": "Palazzo Alfieri",
                "type": 2,
                "previewImgPath": "t5_p_i_10_luoghi_imperdibili.jpg",
                "shortDescription": "Sede del museo archeo-paloeontologico",
                "rating": 3.7,
                "latLng": {
                    "lat": "44.902709",
                    "lng": "8.213394"
                }
            },
			{
                "name": "Cattedrale",
                "type": 2,
                "previewImgPath": "t6_p_i_10_luoghi_imperdibili.jpg",
                "shortDescription": "Sede del museo archeo-paloeontologico",
                "rating": 3.7,
                "latLng": {
                    "lat": "44.902709",
                    "lng": "8.213394"
                }
            },
			{
                "name": "Torre Troiana",
                "type": 2,
                "previewImgPath": "t7_p_i_10_luoghi_imperdibili.jpg",
                "shortDescription": "Sede del museo archeo-paloeontologico",
                "rating": 3.7,
                "latLng": {
                    "lat": "44.902709",
                    "lng": "8.213394"
                }
            },
			{
                "name": "I dolci e i prodotti tipici",
                "type": 2,
                "previewImgPath": "t8_p_i_10_luoghi_imperdibili.jpg",
                "shortDescription": "Sede del museo archeo-paloeontologico",
                "rating": 3.7,
                "latLng": {
                    "lat": "44.902709",
                    "lng": "8.213394"
                }
            },
			{
                "name": "Piazza Alfieri",
                "type": 2,
                "previewImgPath": "t9_p_i_10_luoghi_imperdibili.jpg",
                "shortDescription": "Sede del museo archeo-paloeontologico",
                "rating": 3.7,
                "latLng": {
                    "lat": "44.902709",
                    "lng": "8.213394"
                }
            },
			{
                "name": "Complesso di San Pietro",
                "type": 2,
                "previewImgPath": "t10_p_i_10_luoghi_imperdibili.jpg",
                "shortDescription": "Sede del museo archeo-paloeontologico",
                "rating": 3.7,
                "latLng": {
                    "lat": "44.902709",
                    "lng": "8.213394"
                }
            }
        ]
    },
	{
        "idPath": 3,
        "location": "Asti",
        "name": "Asti per bambini",
        "imgPath": "p_asti_per_i_bambini.jpg",
        "target": "Bambini",
        "type": 1,
        "duration": 2.5,
        "distance": 1.5,
        "rating": 4.3,
        "shortDescription": "Quanti gradini ci sono nella torre medievale? Cosa si nasconde nella cripta? Dove si può fare merenda o giocare all’aria aperta? Scoprite la città in compagnia dei vostri bambini, tra curiosità, cartoon e disegni colorati.",
        "description": "Con le sue tranquille strade, le piazze e le isole pedonali, Asti è una città a misura di bambino. Le tappe dedicate a Palazzo Mazzetti, alla Domus romana e alla Cripta di Sant’Anastasio permettono anche ai più piccoli di comprendere la ricca storia della città, grazie ai racconti e alle animazioni che le accompagnano. Piazza San Secondo e il Parco della Resistenza permettono di godere degli spazi pubblici cittadini, mentre salire in cima alla Torre Troiana è un’esperienza che prepara a fare una gustosa merenda in uno dei tanti locali di qualità che caratterizzano Asti. Provare per credere!",
        "language": "it",
        "downloadUrl": "/path/3.zip",
        "poiList": [
            {
                "name": "Collegiata di San Secondo",
                "type": 2,
                "previewImgPath": "t1_p_asti_per_i_bambini.png",
                "shortDescription": "Che bella chiesa! Com’è dentro? E cosa sono quegli stemmi?",
                "rating": 3.7,
                "latLng": {
                    "lat": "44.899352",
                    "lng": "8.205371"
                }
            },
			{
                "name": "Palazzo Mazzetti",
                "type": 1,
                "previewImgPath": "t2_p_asti_per_i_bambini.png",
                "shortDescription": "E’ uno dei palazzi più importanti della città, e le sue stanze sono un vero e proprio labirinto di bellezza.",
                "rating": 4.5,
                "latLng": {
                    "lat": "44.899567",
                    "lng": "8.200621"
                }
            },
			{
                "name": "Cripta e Museo di Sant'Anastasio",
                "type": 6,
                "previewImgPath": "t3_p_asti_per_i_bambini.png",
                "shortDescription": "Pronti a scendere nei sotterranei della città per scoprire i resti di tombe e antiche chiese?",
                "rating": 4.5,
                "latLng": {
                    "lat": "44.899398",
                    "lng": "8.199736"
                }
            },
            {
                "name": "Domus Romana",
                "type": 6,
                "previewImgPath": "t4_p_asti_per_i_bambini.png",
                "shortDescription": "Fate gli archeologi e scoprite la storia dell’antica <i>Hasta</i>.",
                "rating": 4.5,
                 "latLng": {
                    "lat": "44.900564",
                    "lng": "8.196087"
                }
            },
            {
                "name": "Torre Troiana",
                "type": 8,
                "previewImgPath": "t5_p_asti_per_i_bambini.png",
                "shortDescription": "Che alta questa torre! E che bel panorama di vede da quassù!",
                "rating": 4.5,
                "latLng": {
                    "lat": "44.901062",
                    "lng": "8.204218"
                }
            },
            {
                "name": "E' ora di merenda!",
                "type": 3,
                "previewImgPath": "t6_p_asti_per_i_bambini.png",
                "shortDescription": "Giocare e divertirsi mette proprio fame: ecco dove si può fare una pausa golosa...",
                "rating": 4.5,
                "latLng": {
                    "lat": "44.901712",
                    "lng": "8.2070036"
                }
            },
            {
                "name": "Il Parco della Resistenza",
                "type": 5,
                "previewImgPath": "t7_p_asti_per_i_bambini.png",
                "shortDescription": "Qui si può giocare all’aria aperta, andando sulle altalene e scoprendo piante e animali.",
                "rating": 4.5,
                "latLng": {
                    "lat": "44.899065",
                    "lng": "8.210163"
                }
            }
        ]
    },
	{
        "idPath": 4,
        "location": "Asti",
        "name": "Asti in inglese",
        "imgPath": "p1_imgPath.jpg",
        "target": "Famiglie",
        "type": 1,
        "duration": 3.5,
        "distance": 2.5,
        "rating": 4.3,
        "shortDescription": "Duemila anni di storia e bellezza, da scoprire in 5 tappe visitabili con un unico biglietto. Da Palazzo Mazzetti, cuore della vita culturale cittadina, a due edifici simbolo dell’Asti medievale: la Torre Troiana e il Complesso di San Pietro. Passando per la polvere della Domus romana e per la casa natale del poeta Vittorio Alfieri.",
        "description": "Asti è oggi famosa soprattutto per il suo vino spumante, ma forse non tutti sanno che questa città vanta più di duemila anni di storia. Se non si ha troppo tempo a disposizione, si può cominciare a esplorare il ricco patrimonio storico-artistico della città visitando questa selezione di 5 tappe, tutte accessibili con un unico biglietto. La Domus di epoca romana permette di scoprire le fasi più antiche della città e il recente lavoro di archeologi e restauratori. La Torre Troiana e il Complesso di San Pietro, con la loro presenza monumentale eppure discreta, fanno capire l’importanza che Asti raggiunse in epoca medievale e offrono punti di vista insoliti da cui osservare la città. Palazzo Mazzetti e Palazzo Alfieri sono invece scrigni che, dietro alla loro facciata geometrica, custodiscono collezioni di opere d’arte di notevole livello, oltre a testimoniare la grande fase di rinnovamento artistico promossa nel Settecento dalle locali famiglie nobiliari. A voi trovare la vostra atmosfera preferita…",
        "language": "en",
        "downloadUrl": "/path/4.zip",
        "poiList": [
            {
                "name": "Palazzo Mazzetti",
                "type": 1,
                "previewImgPath": "t1_p_asti_in_5_tappe.jpg",
                "shortDescription": "E’ forse il palazzo barocco più bello, dove si ritirano i biglietti per le visite. Ospita anche il Museo Civico e interessanti mostre temporanee",
                "rating": 4.5,
                "latLng": {
                    "lat": "44.899567",
                    "lng": "8.200621"
                },
				"polylinePoints": "el`qGau`q@ZtFR`BRrB"
            },
            {
                "name": "Domus romana",
                "type": 6,
                "previewImgPath": "t2_p_asti_in_5_tappe.jpg",
                "shortDescription": "E’ un autentico segreto, che tra polvere e silenzio testimonia uno spaccato di vita dell’antica <i>Hasta<i/>",
                "rating": 4.5,
                "latLng": {
                    "lat": "44.900564",
                    "lng": "8.196087"
                },
				"polylinePoints": "os`qGqx_q@e@@OAK[UuAOe@QgAc@oFGeCu@}DQ?HsAHaALu@HWh@a@LIPCCyATqCd@uCKwBCg@MKEA"
            },
            {
                "name": "Cattedrale",
                "type": 2,
                "previewImgPath": "t3_p_asti_in_5_tappe.jpg",
                "shortDescription": "Sede del museo archeo-paloeontologico",
                "rating": 3.7,
                "latLng": {
                    "lat": "44.902709",
                    "lng": "8.213394"
                }
            },
			{
                "name": "Torre Troyana",
                "type": 8,
                "previewImgPath": "t4_p_asti_in_5_tappe.jpg",
                "shortDescription": "Simbolo di potere in età medievale e punto di riferimento cittadino a partire dal 1400, è oggi il luogo perfetto da cui ammirare la città dall’alto",
                "rating": 4.5,
                "latLng": {
                    "lat": "44.901062",
                    "lng": "8.204218"
                },
				"polylinePoints": "sv`qGikaq@RLJwBLaD@oAEeAJODK?OQs@e@oB}@aDk@mBi@gBi@aCUuAcAqG_AgFW_B"
            },
            {
                "name": "I dolci e i prodotti tipici",
                "type": 2,
                "previewImgPath": "t5_p_asti_in_5_tappe.jpg",
                "shortDescription": "Sede del museo archeo-paloeontologico",
                "rating": 3.7,
                "latLng": {
                    "lat": "44.902709",
                    "lng": "8.213394"
                }
            },
			{
                "name": "I Vini",
                "type": 1,
                "previewImgPath": "t1_p_asti_in_5_tappe.jpg",
                "shortDescription": "La casa natale del poeta",
                "rating": 4.5,
                "latLng": {
                    "lat": "44.899195",
                    "lng": "8.198296"
                }
            },
			{
                "name": "Piazza Alfieri",
                "type": 2,
                "previewImgPath": "t1_p_asti_in_5_tappe.jpg",
                "shortDescription": "Sede del museo archeo-paloeontologico",
                "rating": 3.7,
                "latLng": {
                    "lat": "44.902709",
                    "lng": "8.213394"
                }
            },
			{
                "name": "Complesso di San Pietro",
                "type": 4,
                "previewImgPath": "t1_p_asti_in_5_tappe.jpg",
                "shortDescription": "E’ imperdibile per la sua suggestiva atmosfera, creata dal battistero in stile romanico astigiano, dal chiostro e dalla singolare aula quattrocentesca",
                "rating": 3.7,
                "latLng": {
                    "lat": "44.902709",
                    "lng": "8.213394"
                },
				"polylinePoints": "gk`qGi{`q@QHe@JXfD"
            }
        ]
    }
]