[
  {
    "idPoi": "palazzo_mazzetti",
    "name": "Palazzo Mazzetti",
    "type": 1,
    "imgPath": "t1.jpg",
    "shortDescription": "E’ forse il palazzo barocco più bello, dove si ritirano i biglietti per le visite. Ospita anche il Museo Civico e interessanti mostre temporanee",
    "rating": 3.7,
    "latLng": {
      "lat": "44.899567",
      "lng": "8.200621"
    },
    "markerImgPath": "ic_palazzo_mazzetti.png",
    "distanceToNextPoi": {
      "distance": "0.2 Km",
      "duration": "3 min",
      "polylinePoints": "el`qGau`q@ZtFR`BRrB"
    },
    "timetable": "Da martedì a domenica dalle ore 10.30 alle ore 18.30 (ultimo ingresso ore 17.30)",
    "title": "Palazzo Mazzetti",
    "longDescription": "Palazzo Mazzetti è il luogo ideale da cui iniziare la scoperta della città: è infatti uno dei punti di riferimento principali del panorama culturale astigiano, dove si intrecciano arte, storia ed eventi di grande rilievo.<br>Edificato già in epoca medievale, il palazzo ha assunto l’elegante aspetto che ancora oggi lo contraddistingue a partire dal 1600-1700, quando la famiglia Mazzetti promosse una serie di interventi architettonici e decorativi per rendere particolarmente pregevole la propria dimora: sono senza dubbio da non perdere lo scalone e le sale del primo piano, che stupiscono per la loro eleganza, contemporaneamente sobria e fastosa.<br>Durante la visita si possono inoltre ammirare le collezioni di pittura, scultura ed arti decorative del Museo Civico: assolutamente di spicco le microsculture di Giuseppe Maria Bonzanigo, (astigiano che nel Settecento divenne ebanista di corte di Casa Savoia), il grande dipinto “Pellegrinaggio ad Oropa” di Lorenzo Delleani e le opere di artisti locali di varie epoche.<br>L’offerta culturale è infine ulteriormente arricchita dalle mostre temporanee, che variano durante il corso dell’anno",
    "gallery": [
      {
        "pathPhoto": "01.jpg",
        "title": "La luce dello scalone",
        "description": "Lo scalone è uno dei luoghi più suggestivi del palazzo, in cui la luce si intreccia con gli eleganti profili degli stucchi. A volerlo fortemente (proprio per stupire i suoi ospiti!) fu un esponente della nobile famiglia dei Mazzetti (Giulio Cesare Mazzetti), che lo commissionò all’architetto Benedetto Alfieri nel 1751-1752. Ricordatevi il nome di questo architetto, perchè a lui (che era zio del celebre poeta Vittorio) si deve la ristrutturazione di molti altri palazzi astigiani, tra cui Palazzo Alfieri.<br>Benedetto Alfieri non si limitò a progettare solo lo scalone, ma lavorò all’intera ala orientale del palazzo",
        "type": 103
      },
      {
        "pathPhoto": "02.jpg",
        "title": "Lo sguardo de <i>La femme</i> ",
        "description": "<i>La femme</i> (Giacomo Grosso, 1895) è uno dei dipinti più affascinanti delle collezioni del Museo Civico.<br>Difficile non rimanere ammaliati da questa donna senza nome, che sembra accogliere il visitatore con la sua eccezionale eleganza. Da notare l’abilità del pittore piemontese Giacomo Grosso, che attraverso una resa impeccabile dei tessuti del vestito, della tappezzeria e del divano è riuscito ad esprimere lo spirito sfarzoso della borghesia della belle époque. Non a caso i ritratti di donne in lussuosi ambienti sono proprio tra le espressioni pittoriche più rappresentative dell’artista torinese.<br>E’ esposto nel Salone d’onore, il primo ambiente dell’ala orientale edificata a metà Settecento su progetto di Benedetto Alfieri.",
        "type": 104
      },
      {
        "pathPhoto": "03.jpg",
        "title": "Il barocco dell'Alcova",
        "description": "Le decorazioni in stucco di stile barocco trionfano nell’anticamera e nella stanza dell’alcova.<br>Questi ambienti appartengono all’ala più antica del palazzo e furono impreziositi in questo modo intorno al 1684, in occasione del matrimonio di Giovanni Battista Mazzetti: riuscite a trovare (oltre allo stemma della famiglia) delle decorazioni in stucco che richiamano proprio il tema dell’amore?<br>Sempre seicentesco è anche il dipinto presente sulla volta della parete di fondo, che raffigura Diana ed Endimione.<br>Non lasciatevi ingannare invece dall’affresco con la figura di Flora incoronata da Amore: risale ai lavori di restauro novecenteschi, ed è opera di Anacleto Laretto (Grana, 1874 – Asti, 1950).",
        "type": 104
      },
       {
        "pathPhoto": "04.jpg",
        "title": "Lo splendore della Galleria Mazzetti",
        "description": "La galleria è il luogo che forse più di ogni altro celebra la famiglia Mazzetti.<br>Il vero protagonista della sala non è tanto il busto del riccioluto Giovanni Battista Mazzetti (che commissionò i lavori a partire dal 1720 circa), ma l’affresco della volta: esso rappresenta infatti la glorificazione di casa Mazzetti, in cui è raffigurato anche il futuro Carlo Emanuele III di Savoia, su un cocchio trainato da leoni. Questo affresco vuole anche ricordare un episodio molto importante per i padroni di casa, che ebbero l’onore di ospitare il Principe di Piemonte nella primavera precedente all’esecuzione del dipinto (1728).<br>Gli stucchi dorati mostrano inoltre come la famiglia abbia voluto per il proprio palazzo delle decorazioni alla moda, ispirate ai modelli francesi utilizzati anche nelle varie residenze della famiglia Savoia.",
        "type": 100
      },
      {
        "pathPhoto": "05.jpg",
        "title": "Un capolavoro del Cinquecento",
        "description": "Questo dipinto testimonia gli alti livelli artistici raggiunti nel Cinquecento dal <i>Maestro di San Martino Alfieri</i>, un pittore probabilmente locale che deve il suo nome al luogo in cui era collocata precedentemente l’opera: la cappella del castello di San Martino Alfieri, a pochi km da Asti.<br>Il polittico è incompleto, ma le tavole superstiti permettono di identificare chiaramente i temi rappresentati: alcuni episodi della vita della Madonna, insieme a figure di devoti.<br>Le quattro tavole furono donate al Museo Civico dal marchese Giovanni Visconti Venosta, nel 1947.",
        "type": 104
      },
      {
        "pathPhoto": "06.jpg",
        "title": "Le atmosfere di Delleani",
        "description": "Il <i>Pellegrinaggio ad Oropa</i> (1896) è uno dei fiori all’occhiello del museo, che conquista per le sue notevoli dimensioni, i suoi colori e la sua capacità di coniugare il tema paesaggistico con quello religioso e popolare.<br>Il dipinto è infatti una delle opere più rappresentative di Lorenzo Delleani, pittore nativo del biellese che nel periodo maturo della sua carriera si dedicò tra l’altro alla raffigurazione di paesaggi e scene all’aria aperta.<br>La tela raffigura una processione ambientata nei dintorni del santuario di Oropa (Biella) ed è entrata a far parte delle collezioni del museo nel 1896, quando il mecenate Leonetto Ottolenghi l’acquistò all’ Esposizione Triennale di Belle Arti a Torino.",
        "type": 104
      },
      {
        "pathPhoto": "07.jpg",
        "title": "Gli intagli del Bonzanigo",
        "description": "Giuseppe Maria Bonzanigo fu uno degli artisti astigiani più importanti del Settecento: nel 1787 riuscì infatti ad essere nominato “ebanista di corte” di Casa Savoia.<br>Bonzanigo divenne particolarmente famoso per la sua abilità nel micro-intaglio del legno: l’opera <i>Selene ed Endimione</i>, di soggetto mitologico, è un esempio non solo della sua capacità tecnica, ma anche della sua grande sensibilità espressiva.<br>La ricca collezione di opere del Bonzanigo presente in Museo Civico si formò nella prima metà del Novecento, grazie a donazioni di cittadini astigiani e piemontesi.",
        "type": 100
      },
      {
        "pathPhoto": "08.jpg",
        "title": "La magia del ritratto",
        "description": "Il <i>Ritratto di Domenica Gerbi</i> è uno dei più bei ritratti realizzati da Michelangelo Pittatore (Asti, 1825 – 1903), il maggiore pittore astigiano dell’Ottocento. La tela, che raffigura la compagna dell’artista, è caratterizzata da un grande realismo e mostra l’influenza che la fotografia ebbe su Pittatore: l’opera sembra infatti quasi un’istantanea, in grado di cristallizzare e allo stesso tempo rendere vivo l’attimo irripetibile di uno sguardo.<br>Gli altri ritratti esposti nella sala raffigurano alcuni esponenti della borghesia che animarono la vita astigiana subito dopo l’unificazione italiana, fornendo questa volta la fotografia di un’epoca.",
        "type": 104
      },
      {
        "pathPhoto": "09.jpg",
        "title": "Pittura e scultura del 1900-1926",
        "description": "<i>Figura in nero con figlio</i> è opera di uno degli artisti astigiani più rappresentativi del ‘900: Giovanni Rovero, pittore che lavorò molto a cavallo fra Piemonte e Liguria.<br>Il suo stile si riconosce non solo per i colori raffinati e la compostezza delle composizioni, ma anche per l’uso di pennellate rapide e sottili: sembra infatti che i colori siano separati in singoli punti o linee, creando una sorta di <a target=\"_blank\" href=\"https://it.wikipedia.org/wiki/Divisionismo_(pittura)\">divisionismo</a>.<br>La giovane donna e il bambino furono due soggetti particolarmente amati dal pittore, che li raffigurò anche in <i>Giovinetta e fanciullo</i>, sempre esposto in museo.<br>In entrambi i casi i personaggi interpellano il visitatore, guardandolo dritto negli occhi.",
        "type": 100
      },
      {
        "pathPhoto": "10.jpg",
        "title": "",
        "description": "Non vi siete sbagliati: questo è proprio un dipinto di Renato Guttuso, il maestro siciliano a cui si devono opere come la famosissima <i>Vucciria</i>.<br>La tela fu realizzata nel 1956 e raffigura Corrado Cagli, pittore, scenografo e costumista frequentato e ammirato da Guttuso.<br>Il ritratto è entrato a far parte delle collezioni del Museo Civico nel 1978, quando fu donato da un privato in occasione di una mostra antologica dedicata proprio a Corrado Cagli. Durante la sua lunga carriera, l’artista realizzò infatti ad Asti due mostre personali (nel 1949 e 1951), oltre ad essere stato direttore artistico dell’Arazzeria Scassa (sempre ad Asti) dal 1960 al 1976. Si trova nella Sala Premio Alfieri 1962.",
        "type": 100
      }
    ],
    "audio": null,
    "drone": null,
    "pano": {
      "lock": true,
      "imgPath": {
        "front": "mazzettiF.jpg",
        "right": "mazzettiR.jpg",
        "back": "mazzettiB.jpg",
        "left": "mazzettiL.jpg",
        "up": "mazzettiU.jpg",
        "down": "mazzettiD.jpg"
      },
      "hotspotList": [
        {
          "id": "HS1",
          "name": "Giovanni Battista Mazzetti",
          "caption": "Fece costruire la Galleria, che fu terminata nel 1730.",
          "imgPath": "HS1.jpg",
		  "iconPath": null,
          "lat": 0.3062828,
          "lon": -0.9079326,
          "numSeqPoi": null
        },
        {
          "id": "HS2",
          "name": "Il Principe di Piemonte",
          "caption": "Ritratto sul cocchio trainato da leoni. Affresco di Giovanni Antonio Caccioli (Bologna, 1672-1740).",
          "imgPath": "HS2.jpg",
		  "iconPath": null,
          "lat": 1.4040157,
          "lon": 2.2755225,
          "numSeqPoi": null
        },
		{
          "id": "HS3",
          "name": "Glorificazione della famiglia Mazzetti",
          "caption": "Affresco di Giovanni Antonio Caccioli (Bologna, 1672-1740).",
          "imgPath": "HS3.jpg",
		  "iconPath": null,
          "lat": 1.1131848,
          "lon": -0.5912501,
          "numSeqPoi": null
        },
		{
          "id": "HS4",
          "name": "Console",
          "caption": "Del 1730 circa, con piano in diaspro di Sicilia.",
          "imgPath": "HS4.jpg",
		  "iconPath": null,
          "lat": -0.23338404,
          "lon": -2.3027418,
          "numSeqPoi": null
        },
		{
          "id": "HS5",
          "name": "Ritratto di Vittorio Emanuele I",
          "caption": "Il Duca di Savoia visse nell’epoca della Rivoluzione francese e di Napoleone.",
          "imgPath": "HS5.jpg",
		  "iconPath": null,
          "lat": 0.1622515,
          "lon": -1.9130796,
          "numSeqPoi": null
        },
		{
          "id": "HS6",
          "name": "Ritratto di Maria Teresa d’Austria Este",
          "caption": "Fu la moglie di Vittorio Emanuele I.",
          "imgPath": "HS6.jpg",
		  "iconPath": null,
          "lat": 0.037802037,
          "lon": -1.2401656,
          "numSeqPoi": null
        },
		{
          "id": "HS7",
          "name": "Ritratto di Maria Beatrice di Savoia",
          "caption": "Fu una delle figlie di Vittorio Emanule I e Maria Teresa d’Austria.",
          "imgPath": "HS7.jpg",
		  "iconPath": null,
          "lat": 0.26998436,
          "lon": -3.0823972,
          "numSeqPoi": null
        },
		{
          "id": "HS8",
          "name": "Ritratto della Principessa Maria Teresa di Savoia",
          "caption": "Fu una delle figlie di Vittorio Emanule I e Maria Teresa d’Austria.",
          "imgPath": "HS8.jpg",
		  "iconPath": null,
          "lat": -0.011247501,
          "lon": 2.4988315,
          "numSeqPoi": null
        },
		{
          "id": "HS9",
          "name": "Decorazioni dorate con attori della Commedia dell’Arte",
          "caption": "Lo stile si ispira a modelli francesi.",
          "imgPath": "HS9.jpg",
		  "iconPath": null,
          "lat": -0.31899697,
          "lon": -0.034954444,
          "numSeqPoi": null
        }
      ]
    }
  },
  {
    "idPoi": "palazzo_alfieri",
    "name": "Palazzo Alfieri",
    "type": 1,
    "imgPath": "t2.jpg",
    "shortDescription": "Qui si possono riscoprire le personalità di due astigiani D.O.C.: il poeta tragico Vittorio Alfieri e lo scenografo Eugenio Guglielminetti",
    "rating": 3.7,
    "latLng": {
      "lat": "44.899195",
      "lng": "8.198296"
    },
    "markerImgPath": "ic_palazzo_alfieri.png",
    "distanceToNextPoi": {
      "distance": "0.3 Km",
      "duration": "5 min",
      "polylinePoints": "aj`qGuf`q@NvAq@LGBIP?L}@PoCr@HzCJx@aA\\"
    },
    "timetable": "Da definire",
    "title": "Palazzo Alfieri",
    "longDescription": "Palazzo Alfieri è la casa natale del celebre poeta Vittorio Alfieri (che nacque qui il 16 gennaio 1749), ma anche la sede del Centro di Studi Alfieriani e della Fondazione Eugenio Guglielminetti, che espone le collezioni d’arte e le opere di uno dei più importanti scenografi della seconda metà del Novecento. Una visita del suo patrimonio storico e artistico permette di scoprire alcuni personaggi che hanno contribuito a dare lustro al nome della città.",
    "gallery": [
      {
        "pathPhoto": "11.jpg",
        "title": "Il palazzo nobiliare",
        "description": "L’edificio lega il suo nome non solo a Vittorio, ma anche a un altro Alfieri: Benedetto, zio del poeta e importante architetto che verso la metà del ‘700 riprogettò parti dell’edificio (di origine medievale). Notevole il cortile, caratterizzato da un’architettura movimentata e fortemente scenografica, che sembra accogliere con un abbraccio il visitatore.<br>Nelle sale del palazzo, recentemente restaurate, si possono vedere alcuni arredi della casa natale di Vittorio Alfieri e alcuni oggetti che testimoniano l’attività, i viaggi e le passioni del poeta (soprattutto per la Contessa d’Albany).",
        "type": 103
      },
      {
        "pathPhoto": "12.jpg",
        "title": "Un illustre astigiano",
        "description": "Il busto di Vittorio Alfieri che si trova nel cortile sottolinea inequivocabilmente il collegamento del palazzo con il poeta. Fu collocato qui nel 1923, quando il palazzo fu donato dal conte Ottolenghi al Comune di Asti.<br>Vittorio Alfieri visse in questo palazzo fino all’età di cinque anni. Si trasferì poi in un’altra abitazione di Asti fino all’età di dieci anni, e poi a Torino per studiare. Da lì intraprese numerosi viaggi per l’Europa, diventando protagonista del panorama culturale, politico e letterario dell’epoca. Morì a Firenze, l’8 ottobre 1803. Durante la sua vita scrisse diciannove tragedie, un’autobiografia e alcuni trattati in difesa della libertà contro la tirannia: un esempio è il <i>Del principe e delle lettere</i>.",
        "type": 100
      },
      {
        "pathPhoto": "13.jpg",
        "title": "Il centro di Studi Alfieriani",
        "description": "In città non può mancare un centro dedicato allo studio della vita, delle opere e dell’influenza culturale esercitata dal grande poeta astigiano. Il Centro (istituito nel 1937) si occupa dell’organizzazione di eventi e rassegne  dedicati a Vittorio Alfieri, nonchè della pubblicazione di ristampe e nuove opere critiche. E’ dotato di due biblioteche specializzate e molti documenti sono consultabili online, sul sito web del centro. ",
        "type": 101
      },
      {
        "pathPhoto": "14.jpg",
        "title": "La Fondazione Guglielminetti",
        "description": "La Fondazione Eugenio Guglielminetti, istituita nel 1998 dal Maestro Eugenio Guglielminetti (Asti, 1921-2006), raccoglie le testimonianze di cinque decenni di attività artistica, pittorica, scultorea e scenografica, accanto alle collezioni di Autori moderni e contemporanei.",
        "type": 100
      },
           {
        "pathPhoto": "15.jpg",
        "title": "La pittura di Guglielminetti",
        "description": "Allievo di Felice Casorati all’Accademia Albertina di Torino, dopo la promozione culturale del Circolo <i>La Giostra</i> (1946-1952), Guglielminetti si dedicò alla sperimentazione pittorica, sensibile alle avanguardie europee, alla metafisica ed ai linguaggi dell’astrazione. Nel patrimonio, opere dal 1948 al 2000.",
        "type": 104
      },
           {
        "pathPhoto": "16.jpeg",
        "title": "La scultura di Guglielminetti",
        "description": "Dai monotipi metafisici, esposti alla Biennale di Venezia ( 1952), alle prime soluzioni tridimensionali in ferro, Guglielminetti si dedicò all’assemblaggio di legni polimaterici metamorfi, talvolta elementi plastici per le sue scenografie. Un esempio? <i>L’eterno</i> del 1975, in legno policromo e ferro.",
        "type": 100
      },
           {
        "pathPhoto": "17.jpg",
        "title": "Scenografie per il teatro",
        "description": "Le Collezioni di Scenografia (bozzetti per scenografie e per costumi, modellini e disegni tecnici, attrezzerie e documenti) delineano oltre quattrocento allestimenti ideati da Eugenio Guglielminetti per il teatro classico, contemporaneo, per il melodramma e la danza dagli anni Sessanta al 2000.<br>Come il modellino per <i>La Forza del Destino</i> di G. Verdi (1970, legno stuccato e dipinto, Deutsche Oper di Berlino, regia di M. Wallmann).",
        "type": 100
      },
       {
        "pathPhoto": "18.jpeg",
        "title": "Scenografie per la televisione",
        "description": "Le Collezioni di scenografia per la Televisione raccolgono le testimonianze degli allestimenti concepiti da E. Guglielminetti per i Centri di Produzione RAI negli anni Sessanta- Novanta, in collaborazione con Edmo Fenoglio, Carlo Quartucci, Ugo Gregoretti, Mario Missiroli, Antonello Falqui, Piero Angela, Ezio Torta. Un esempio è il modellino per <i>Moby Dick</i> di H. Melville (1972, RAI TV di Torino, regia di C. Quartucci).",
        "type": 100
      },
       {
        "pathPhoto": "19.jpg",
        "title": "Il privato per il pubblico",
        "description": "Le Collezioni di Maestri moderni e contemporanei raccolgono il patrimonio d’arte privato di Eugenio Guglielminetti e le successive donazioni confluite al patrimonio della Fondazione da parte di collezionisti ed eredi di maestri del Novecento. Mostre temporanee sono dedicate a tale sezione.",
        "type": 100
      }
    ],
    "audio": {
      "path": "vittorio_alfieri.mp3",
      "lock": true
    },
    "drone": null,
    "pano": null
  },
  {
    "idPoi": "domus_romana",
    "name": "Domus romana",
    "type": 6,
    "imgPath": "t3.jpg",
    "shortDescription": "E’ un autentico segreto, che tra polvere e silenzio testimonia uno spaccato di vita dell’antica <i>Hasta</i>",
    "rating": 3.7,
    "latLng": {
      "lat": "44.900564",
      "lng": "8.196087"
    },
    "markerImgPath": "ic_domus_romana.png",
    "distanceToNextPoi": {
      "distance": "0.8 Km",
      "duration": "10 min",
      "polylinePoints": "os`qGqx_q@e@@OAK[UuAOe@QgAc@oFGeCu@}DQ?HsAHaALu@HWh@a@LIPCCyATqCd@uCKwBCg@MKEA"
    },
    "timetable": "Da definire",
    "title": "Domus Romana",
    "longDescription": "La <i>domus</i> di via Varrone permette di scoprire le fasi più antiche della storia di Asti, attraverso le suggestioni che trasmette lo scavo archeologico.<br><i>Hasta</i> fu fondata nel secondo secolo a.C. nell’ambito delle campagne di conquista effettuate dai Romani nel Piemonte meridionale, e cominciò ad assumere un aspetto monumentale soprattutto in epoca imperiale.<br>La <i>domus</i> rappresenta un rinvenimento di un’importanza davvero eccezionale: oltre a testimoniare l’evoluzione della città attraverso i secoli, presenta un mosaico pavimentale di una qualità unica per il Piemonte. ",
    "gallery": [
      {
        "pathPhoto": "20.jpg",
        "title": "Il mosaico",
        "description": "Il protagonista del sito è senza dubbio il mosaico che decorava il pavimento del <i>triclinium</i>, ovvero la sala da pranzo di questa abitazione appartenente a una famiglia di ceto decisamente agiato.<br>L’area a mosaico misura  m 3 x 1,70, e presenta non solo cornici con motivi geometrici realizzate con tessere bianche e nere, ma anche figure ispirate al mondo naturale: rami d’edera, pesci e altre creature marine.<br>Il mosaico è reso ancora più prezioso dalla presenza di decorazioni realizzate con diversi tipi di marmi colorati.",
        "type": 104
      },
      {
        "pathPhoto": "21.jpg",
        "title": "Le decorazioni parietali",
        "description": "Anche i muri interni della <i>domus</i> presentavano segni di raffinatezza: durante gli scavi gli archeologi hanno infatti trovato dei frammenti di intonaco colorato, che dovevano rendere i muri più impermeabili ed esteticamente piacevoli. Riuscite a vedere quelli ancora presenti sul muro, nella loro posizione originaria?<br>Anche sulla base di altri rinvenimenti effettuati nella zona, si può dire che la realizzazione di pitture parietali, mosaici e addirittura piccoli impianti termali privati avvenne ad <i>Hasta</i> a partire dalla seconda metà del I secolo d.C.: in quel periodo si assistette infatti a un fenomeno di “ristrutturazione” della città, che coinvolse non solo le aree pubbliche ma anche gli edifici privati.",
        "type": 104
      },
      {
        "pathPhoto": "22.jpg",
        "title": "L'impianto di riscaldamento",
        "description": "La <i>domus</i> doveva essere non solo bella ma anche dotata di tutti i comfort dell’epoca: aveva infatti anche una specie di “riscaldamento a pavimento” dei giorni nostri.<br>Come lo sappiamo? Ancora oggi si possono vedere dei pilastrini, appartenenti a un sistema di riscaldamento chiamato dagli archeologi “a ipocausto” (letteralmente: “brucio sotto”, in greco antico). I pilastrini servivano per creare un’intercapedine al di sotto del pavimento, in cui veniva fatta passare l’aria calda. Il riscaldamento dell’aria avveniva grazie all’azione di un forno.",
        "type": 103
      },
      {
        "pathPhoto": "23.JPG",
        "title": "I resti di epoca medievale",
        "description": "Vedete i muri con un orientamento diverso rispetto a quelli della casa romana?<br>Si tratta dei resti di alcune strutture di epoca medievale. Al termine di un periodo di relativo abbandono, con l’anno Mille la zona cominciò ad essere di nuovo più intensamente frequentata: proprio in questo periodo furono infatti costruiti qui almeno due edifici.<br>Il diverso orientamento degli edifici si dovette all’apertura di un nuovo asse viario: l’attuale via Varrone, che non rispettava più la maglia regolare delle strade di epoca romana.",
        "type": 103
      },
       {
        "pathPhoto": "24.jpg",
        "title": "Alla scoperta dell'antico decumano",
        "description": "La <i>domus</i> si trovava subito a nord del decumano massimo, il principale asse viario che attraversava la città in direzione est-ovest.<br>I ceti più abbienti decisero di costruire le loro abitazioni in questa zona probabilmente per via della vicinanza all’area pubblica del foro, che ad <i>Hasta</i> si affacciava proprio a nord del decumano.<br>Il foro doveva trovarsi invece nei pressi di Corso Alfieri 365, come testimoniano i resti archeologici ancora visibili presso la Cripta di Sant’Anastasio.<br>Una curiosità: il decumano massimo ha cambiato aspetto ma ha mantenuto la sua importanza nel corso dei secoli. Corrisponde infatti all’attuale Corso Alfieri, ancora oggi una delle vie più importanti ed eleganti della città! All’epoca il decumano fu realizzato come “prolungamento urbano” della via Fulvia, che collegava <i>Dertona</i> (Tortona) con <i>Iulia Augusta Taurinorum</i> (Torino). Questa arteria stradale era molto importante perchè collegava i passi alpini con la pianura padana e i porti liguri.",
        "type": 101
      },
       {
        "pathPhoto": "25.jpg",
        "title": "La Torre Rossa nelle vicinanze",
        "description": "Di epoca romana è anche la cosiddetta “Torre Rossa”, nelle immediate vicinanze della <i>domus</i> (Corso Alfieri n. 424). Faceva originariamente parte di una delle porte monumentali che permettevano di entrare e uscire dalla città, ed era situata al termine del decumano. Sulla base delle porte che si sono conservate in altre città, è verosimile ipotizzare che in passato ci fosse un’altra torre simmetrica, situata sull’altro lato di corso Alfieri.<br>Una curiosità: la sua struttura ci rivela come sia stata innalzata nel corso del tempo. I due piani sommitali, decorati con archetti, furono infatti costruiti in epoca medievale, in due momenti successivi. L’uso alternato di cotto e arenaria è tipica del romanico piemontese, e si può ammirare ad esempio anche nel Complesso di San Pietro. Durante la sua storia fu anche usata come campanile di una chiesa romanica, abbattuta poi nel ‘700 per fare posto alla chiesa barocca.",
        "type": 103
      },
       {
        "pathPhoto": "26.jpg",
        "title": "L'antica Hasta",
        "description": "La città di <i>Hasta</i> fu fondata intorno al 125-123 a.C., negli anni delle campagne militari guidate da Marco Fulvio Flacco verso la Gallia.<br>La città aveva una struttura molto regolare: si trattava di un impianto quadrato dotato di 8 isolati per lato. Ciascun isolato, delimitato dall’intersezione delle strade, misurava m 70 x 70.<br>Gli scavi archeologici hanno messo in luce come nel corso del tempo la città sia stata dotata non solo di abitazioni private (come la <i>domus</i>), ma anche di edifici pubblici monumentali, come ad esempio l’anfiteatro.<br>Una curiosità: il nome <i>Hasta</i> è probabilmente la latinizzazione di “Ast”, un toponimo tipico delle tribù liguri che abitavano nella zona prima dell’arrivo dei Romani.",
        "type": 101
      },
      {
        "pathPhoto": "27.jpg",
        "title": "Altre tracce in giro per la città",
        "description": "In città si nascondono altre tracce dell’epoca romana: nella Cattedrale sono stati ad esempio riutilizzati dei capitelli...come base per un’acquasantiera!<br>Il riutilizzo di materiali da costruzione appartenenti a edifici di epoca romana fu piuttosto frequente in passato: si trattava infatti di materiali di ottima qualità, che potevano sopperire alle carenze di buoni materiali da costruzione di alcune epoche storiche (es. nel Medioevo).<br>Altre tracce sono visibili, oltre che nella Cripta di Sant’Anastasio, anche nei sotterranei di Palazzo Mazzetti e nella Cattedrale.",
        "type": 102
      }
    ],
    "audio": {
      "path": "romanizzazione.mp3",
      "lock": true
    },
    "drone": null,
    "pano": null
  },
  {
    "idPoi": "torre_troiana",
    "name": "Torre Troiana",
    "type": 8,
    "imgPath": "t4.jpg",
    "shortDescription": "Simbolo di potere in età medievale e punto di riferimento cittadino a partire dal 1400, è oggi il luogo perfetto da cui ammirare la città dall’alto",
    "rating": 3.7,
    "latLng": {
      "lat": "44.901062",
      "lng": "8.204218"
    },
    "markerImgPath": "ic_torre_troiana.png",
    "distanceToNextPoi": {
      "distance": "0.8 Km",
      "duration": "10 min",
      "polylinePoints": "sv`qGikaq@RLJwBLaD@oAEeAJODK?OQs@e@oB}@aDk@mBi@gBi@aCUuAcAqG_AgFW_B"
    },
    "timetable": "Orario estivo, dall' 1 aprile al 30 settembre: da martedì a domenica 9.30-19.30 (ultimo ingresso 18.30);<br>Orario invernale, dall'1 ottobre al 31 marzo: da martedì a domenica 10.30-18.30 (ultimo ingresso 17.30)",
    "title": "Torre Troiana",
    "longDescription": "La Torre Troiana è da lungo tempo uno dei simboli di Asti, del suo paesaggio e del suo importante passato medievale.<br>Costruita nel corso del 1200 come segno della ricchezza della famiglia Troia, nel 1400 è diventata “Torre Civica” o “Dell’Orologio”, assumendo un ruolo importantissimo per l’organizzazione della vita della città.<br>Come se non bastasse, la Torre possiede due primati: è la torre medievale più alta di tutto il Piemonte e al suo interno ospita la campana funzionante più antica della regione.<br>Sfidate i 199 gradini e salite fino in cima, per conoscere Asti da una prospettiva insolita e godere dello splendido panorama sulle colline circostanti: non a caso dal 2014 il paesaggio vitivinicolo di Langhe, Roero e Monferrato è Patrimonio Mondiale dell’Umanità UNESCO.",
    "gallery": [
      {
        "pathPhoto": "28.jpg",
        "title": "Isolata ma non troppo",
        "description": "Oggi la torre si presenta come un edificio singolo, distinto dai palazzi che lo circondano.<br>Non è però stato sempre così: questa conformazione è infatti il risultato di un intervento realizzato nel Novecento, quando si affermò la pratica -per alcuni versi oggi discutibile- di isolare gli edifici storici per evidenziarne il valore monumentale e storico all’interno del tessuto urbano.<br>La torre fu costruita originariamente nel corso del 1200, all’angolo del palazzo fatto erigere dalla famiglia Troia come manifestazione del proprio potere. La straordinaria ricchezza di questa famiglia derivava da attività finanziarie (e anche di usura!) svolte non solo a livello locale ma in diverse località europee, fra cui gli attuali Belgio, Germania, Francia e Svizzera.",
        "type": 101
      },
      {
        "pathPhoto": "29.jpg",
        "title": "I segni del tempo",
        "description": "Nel corso della sua esistenza la torre è stata al centro di diverse modifiche, e alcune sono ben visibili ancora oggi. Notate le finestre a doppia apertura (bifore) e le decorazioni ad archetti nella parte superiore della torre? Questi elementi furono realizzati agli inizi del 1300, quando la famiglia Troia decise di rinnovare l’edificio, dopo essere tornata in città dopo un periodo di esilio per motivi politici. Anche le buche pontaie, disallineate nella parte superiore rispetto a quella inferiore, testimoniano le diverse fasi costruttive.",
        "type": 103
      },
      {
        "pathPhoto": "30.png",
        "title": "Uno stile inconfondibile",
        "description": "L’alternanza di mattoni e di pietra arenaria rappresenta un tratto tipico dell’architettura medievale astigiana, sia civile sia religiosa. Una simile alternanza si può vedere ad esempio anche in altri monumenti simbolo di Asti: il Complesso di San Pietro, la Collegiata di San Secondo e la Cattedrale.",
        "type": 104
      },
      {
        "pathPhoto": "31.jpg",
        "title": "Sempre più in alto",
        "description": "Con i suoi 44 metri, la Torre Troiana è la torre medievale più alta di tutto il Piemonte.<br>L’altezza delle torri era, in epoca medievale, direttamente proporzionale al prestigio della famiglia a cui apparteneva. Quando a un certo punto fu fissato il limite di altezza di 36 metri, alcune famiglie cercarono di sottolineare la propria importanza realizzando torri con una base particolarmente imponente. La base della Torre Troiana, quadrata, ha un lato lungo circa 6 metri.",
        "type": 102
      },
      {
        "pathPhoto": "32.jpg",
        "title": "Asti città dalle cento torri",
        "description": "La Torre Troiana è una delle “cento torri” di Asti ricordate dalle fonti medioevali.<br>Fra il 1200 e il 1300, nel periodo comunale, Asti fu infatti una città particolarmente fiorente: raggiunse i 40.000 abitanti, ampliò le sue influenze politiche e commerciali, e si dotò di forti mura e alte torri, veri e propri “status symbol” delle famiglie locali.<br>Oggi sono ancora visibili 12 delle 125 torri documentate ancora nel 1682 nel “Theatrum Sabaudiae”, opera che raccoglieva 145 vedute di città e monumenti collocati nei territori facenti parte del ducato di Savoia (di cui Asti fu parte dal 1575). Solo la Torre Troiana e la Torre Comentina (in Piazza Roma) rispettano però le antiche proporzioni: le altre 10 nel corso del tempo sono infatti state alterate o ribassate.",
        "type": 103
      },
      {
        "pathPhoto": "33.jpg",
        "title": "Inerpicarsi per le scale",
        "description": "La torre è visitabile anche all’interno. Per arrivare in cima bisogna salire 199 scalini: si fa un po’ di fatica, ma il panorama sulla città e sulle colline che si gode dal parapetto sommitale ripaga dello sforzo fatto.<br>La scala in legno che serve per salire e scendere è frutto della campagna di restauro del 1996. Anche se moderni, gli scalini e l’assito di legno ripropongono la struttura antica della scala: sono infatti stati costruiti rispettando le caratteristiche dell’antico sostegno ligneo, e sono inoltre stati posizionati in corrispondenza delle quote originarie.",
        "type": 103
      },
      {
        "pathPhoto": "34.jpg",
        "title": "La campana funzionante più antica",
        "description": "Quella della Torre Troiana è la campana funzionante più antica di tutto il Piemonte: risale infatti al 1530 circa. Una campana precedente fu collocata qui a partire dai primi decenni del 1400, quando - a seguito dell’estinzione della famiglia Troia- la Torre fu venduta al Municipio e assunse dunque il ruolo di “Torre Civica” o “Dell’Orologio”. In quell’epoca la torre fu dotata anche per l’appunto di un orologio e di un tetto di protezione.<br>La campana ha un diametro e un’altezza di 120 cm. Anche se associata a una funzione civile e non religiosa - batteva infatti le ore, oltre a segnalare momenti di pericolo e festa-, sulla campana sono presenti bassorilievi con immagini di santi: questa era infatti una consuetudine nel tempo, che fu normata poi da S. Carlo Borromeo (1538-1584).",
        "type": 102
      },
      {
        "pathPhoto": "35.jpg",
        "title": "La bellezza del panorama",
        "description": "La Torre sorge proprio nel centro storico cittadino, nella zona che nel Medioevo era chiamata “Recinto dei nobili” perchè ospitava le case-forti delle famiglie più ricche e in vista della città.<br>La Torre Troiana si trovava in un punto altamente strategico: era infatti all’incrocio delle strade che portavano alle principali porte di accesso alla città, oltre a dominare la via che conduceva all’importantissima piazza di San Secondo, in cui ancora oggi è presente l’omonima chiesa.<br>La sua posizione privilegiata permette quindi di abbracciare con un unico sguardo gli edifici più significativi di Asti.",
        "type": 102
      },
      {
        "pathPhoto": "36.jpg",
        "title": "Ci sono anche i rondoni...",
        "description": "Se visitate la torre nella bella stagione, guardatevi attentamente intorno, perchè potreste avvistare uno dei rondoni che hanno scelto di nidificare qui sulla torre.<br>La loro presenza è sinonimo di una buona salute dell’ecosistema faunistico locale, ma può rappresentare una minaccia per le condizioni igieniche e conservative delle strutture murarie: per risolvere questo problema si è quindi scelto di collocare 72 nidi artificiali di legno sotto il tetto, in modo da permettere ai rondoni di vivere liberamente qui senza però compromettere la bellezza e l’integrità dell’edificio.",
        "type": 102
      }
    ],
    "audio": null,
    "drone": {
      "path": "torre.mp4",
      "lock": false
    },
    "pano": null
  },
  {
    "idPoi": "complesso_di_san_pietro",
    "name": "Complesso di San Pietro",
    "type": 4,
    "imgPath": "t5.jpg",
    "shortDescription": "E’ imperdibile per la sua suggestiva atmosfera, creata dal battistero in stile romanico astigiano, dal chiostro e dalla singolare aula quattrocentesca.",
    "rating": 3.7,
    "latLng": {
      "lat": "44.902709",
      "lng": "8.213394"
    },
    "markerImgPath": "ic_complesso_di_san_pietro.png",
    "distanceToNextPoi": {
      "distance": "",
      "duration": "",
      "polylinePoints": "gk`qGi{`q@QHe@JXfD"
    },
    "timetable": "Orario estivo, dall'1 aprile al 30 settembre: da martedì a domenica 10.00-13.00 e 16.00-19.00;<br>Orario invernale, dall'1 ottobre al 31 marzo: da martedì a domenica 10.00-13.00 e 15.00-18.00",
    "title": "Complesso di San Pietro",
    "longDescription": "Una visita di questo complesso architettonico, collocato in posizione un po’ più periferica rispetto al resto del centro storico, permette di immergersi nel clima religioso, politico e sociale dell’Asti medievale: il nucleo originario, la Chiesa Rotonda, si ispira infatti al Santo Sepolcro di Gerusalemme, e fu voluta dal vescovo di Asti già nel 1105-1134, come luogo di pellegrinaggio locale per chi fosse stato impossibilitato a recarsi in Palestina.<br>Completano il tour il suggestivo chiostro e l’aula quadrata quattrocentesca, un esempio stupefacente di come semplici formelle in cotto possano dare esiti decorativi di altissimo livello.",
    "gallery": [
      {
        "pathPhoto": "37.JPG",
        "title": "La lunetta esterna e gli architravi",
        "description": "Prima di entrare nella Rotonda, fate una sosta sulla sua soglia; alzate lo sguardo e osservate la lunetta in pietra sopra al portale di ingresso. La decorazione a nastri intrecciati e palmette è un esempio abbastanza curato di scultura decorativa medievale, e risale alle prime fasi di costruzione dell’edificio.",
        "type": 104
      },
      {
        "pathPhoto": "38.JPG",
        "title": "La vera anima del campanile",
        "description": "Cerchiamo di essere sinceri: il campanile stona un po’ rispetto alla chiesa. Pigrizia di muratori e architetti? Non proprio: quello che si vede non è infatti l’edificio originale, ma è per lo più il risultato di una ricostruzione novecentesca, attuata in occasione di un’imponente campagna di restauri. Per entrare in contatto con l’anima originaria del campanile, occorre addentrarsi nel vano che si trova a destra non appena entrati nella Rotonda: la cornice che troverete (quella con le foglie di palma!) è infatti decisamente antica, addirittura di poco posteriore al 1150.",
        "type": 103
      },
      {
        "pathPhoto": "39.JPG",
        "title": "La selva di colonne",
        "description": "L’interno della Rotonda, con le sue 8 massicce colonne e il fonte battesimale al centro, è lo scorcio più iconico e imperdibile di tutto il complesso.<br>Le colonne appartengono alla fase più antica dell’edificio, e la loro alternanza di colori è un tipico esempio dello stile romanico astigiano.<br>Notate come due capitelli siano decorati con piccole sculture in pietra: rappresentano una Madonna con Bambino e Santa Caterina d’Alessandria. Furono realizzate agli inizi del '300, e testimoniano come edifici di prestigio potessero accogliere anche manifestazioni artisitche di arte popolare.",
        "type": 103
      },
      {
        "pathPhoto": "40.jpg",
        "title": "Il fonte battesimale",
        "description": "Insieme alle colonne, il fonte è il vero protagonista della Rotonda.<br>Fu realizzato verso la metà del ‘500 per volere del gran priore Alessandro Sforza, come testimoniano l’iscrizione scolpita alla base (A. SF. P. G. P. LOMB., ovvero: Alexander Sforza Prior Generalis Prioratus Lombardiae) e lo stemma presente sul fusto.<br>La sua posizione centrale sembra del tutto “naturale”: il fonte non è tuttavia sempre stato qui.<br>Venne collocato in posizione così centrale solo nel 1741, quando un altro Gran Priore decise di adibire prevalentemente l’edificio a battistero. Non a caso ancora oggi il complesso di San Pietro è talvolta più conosciuto semplicemente come “Battistero”.",
        "type": 103
      },
      {
        "pathPhoto": "41.jpg",
        "title": "La Cappella Valperga",
        "description": "Questa cappella fu costruita fra il 1446 e il 1467 per volere del conte Giorgio Valperga: al centro della volta si trova infatti lo stemma della sua famiglia.<br>Giorgio Valperga fu un personaggio di grande rilievo, in quanto Gran Priore.<br>In epoca medievale Asti fu infatti sede del “Gran Priorato di Lombardia”, a cui appartenevano diversi siti religiosi appartenenti all’Ordine dei cavalieri gerosolimitani.",
        "type": 100
      },
      {
        "pathPhoto": "42.JPG",
        "title": "Il chiostro",
        "description": "Il Chiostro è un luogo affascinante in ogni stagione: la sua atmosfera riparata invita istintivamente a fermarsi, per una sosta o per una lenta passeggiata.<br>Elemento distintivo del luogo è ovviamente il piano terreno del porticato, che assunse l’aspetto attuale tra il 1400 e il 1500. E il primo piano? Per questo vale un discorso diverso: è infatti il frutto di una ricostruzione avvenuta intorno al 1930.<br>Un consiglio: non limitatevi a percorrere il cammino sotto il porticato, ma addentratevi anche nel prato e per i vialetti in ciottoli. Da qui infatti potrete cogliere più da vicino la bellezza e la perfezione formale dei fregi in terracotta dalla Cappella quadrata, fatta costruire a metà del 1400 dalla famiglia Valperga",
        "type": 103
      },
      {
        "pathPhoto": "43.JPG",
        "title": "Un unicum molto discreto",
        "description": "Questa cornice di monofora è realizzata con un materiale indubbiamente povero (la terracotta), ma rappresenta un prezioso tesoro: oltre a essere esteticamente molto pregevole, è infatti l’unica testimonianza di una cornice di questo tipo ritrovata ad Asti. Realizzata nel ‘400, decorava la finestra di un palazzo del centro storico, ormai demolito da tempo.<br>Anche le due bifore in terracotta lì accanto provengono da edifici del centro storico oggi non più presenti, ma sono databili fra 1200 e 1300.",
        "type": 104
      }
    ],
    "audio": {
      "path": "romanico.mp3",
      "lock": true
    },
    "drone": null,
    "pano": {
      "lock": false,
      "imgPath": {
        "front": "battisteroF.jpg",
        "right": "battisteroR.jpg",
        "back": "battisteroB.jpg",
        "left": "battisteroL.jpg",
        "up": "battisteroU.jpg",
        "down": "battisteroD.jpg"
      },
      "hotspotList": [
		{
          "id": "HS10",
          "name": "Affreschi settecenteschi",
          "caption": "Raffigurano le beatitudini e le Virtù.",
          "imgPath": "HS10.JPG",
		  "iconPath": null,
          "lat": 0.6296578,
          "lon": 0.81947386,
          "numSeqPoi": null
        },
		{
          "id": "HS11",
          "name": "Colonne  in stile romanico astigiano",
          "caption": "Presentano la tipica  alternanza di cotto e arenaria.",
          "imgPath": "HS11.JPG",
		  "iconPath": null,
          "lat": -0.2900659,
          "lon": 1.4737747,
          "numSeqPoi": null
        },
        {
          "id": "HS12",
          "name": "Fonte battesimale",
          "caption": "Risale al 1500 con lo stemma del  Gran Priore Alessandro Sforza. Fu collocato in posizione centrale solo due secoli dopo.",
          "imgPath": "HS12.JPG",
		  "iconPath": null,
          "lat": -0.24197575,
          "lon": 0.9749357,
          "numSeqPoi": null
        },
        {
          "id": "HS13",
          "name": "Madonna con bambino",
          "caption": "E’ una scultura popolare degli inizi del 1300.",
          "imgPath": "HS13.JPG",
		  "iconPath": null,
          "lat": 0.3838373,
          "lon": 0.20661761,
          "numSeqPoi": null
        }
      ]
    }
  }
]
