[
  {
    "idPoi": "collegiata_di_san_secondo",
    "name": "Collegiata di San Secondo",
    "type": 2,
    "imgPath": "t1.png",
    "shortDescription": "Che bella chiesa! Com’è dentro? E cosa sono quegli stemmi?",
    "rating": 3.7,
    "latLng": {
        "lat": "44.899352",
        "lng": "8.205371"
    },
    "markerImgPath": "ic_piazza_secondo.png",
    "distanceToNextPoi": {
      "distance": "0.4 Km",
      "duration": "6 min",
      "polylinePoints": "sj`qG{qaq@?jAkAP]?iAf@\\~Dd@nFXbCb@tE"
    },
    "timetable": "",
    "title": "Collegiata di San Secondo",
    "longDescription": "Piazza San Secondo è uno dei luoghi più amati dagli abitanti della città. Qui c’è un bello spiazzo per giocare in tranquillità, ma anche tanti edifici che hanno fatto la storia di Asti. Scopriamoli insieme!",
    "gallery": [
      {
        "pathPhoto": "01.jpg",
        "title": "La Chiesa di San Secondo",
        "description": "La chiesa che si trova nella piazza e dedicata a San Secondo: chi è? Secondo è il santo patrono della città di Asti: visse intorno al 100 dopo Cristo, all’epoca dell’Impero Romano. Si dice che fosse un nobile cittadino astigiano, che si convertì al cristianesimo e che fu poi ucciso per essersi rifiutato di rinnegare la sua fede di fronte ai pagani. Gli astigiani sono molto devoti al loro santo patrono e lo festeggiano in due occasioni: a maggio e a settembre, quando si tiene anche il Palio, una famosa corsa di cavalli. Sai qual è invece il santo patrono della tua città e quando si festeggia?",
        "type": 100
      },
      {
        "pathPhoto": "02.jpg",
        "title": "Le decorazioni e la statua del Santo",
        "description": "La facciata della chiesa ha tre vetrate a forma di cerchio. Quella centrale è circondata da una cornice di terracotta. Guarda bene la decorazione: ci sono solo motivi vegetali o anche qualcos’altro? Cosa? Un po’ sopra la vetrata centrale c’è anche una statua, che rappresenta proprio il santo a cui è dedicata la chiesa: San Secondo.",
        "type": 103
      },
      {
        "pathPhoto": "03.jpg",
        "title": "Scoprire i capitelli",
        "description": "Hai visto come è bello l’interno della chiesa? A una prima occhiata sembra forse un po’ spoglio, ma in realtà la sua bellezza sta proprio nella sua semplicità. Ora mettiti alla prova e guarda i capitelli, cioè la parte più in alto delle colonne: sono fatti di pietra e hanno tante decorazioni diverse. Riesci a trovare quelli con le teste di leone? Quali altri soggetti riesci a riconoscere?",
        "type": 104
      },
	  {
        "pathPhoto": "04.jpg",
        "title": "Le bandiere",
        "description": "Hai visto quante bandiere ci sono nella piazza? Quelle con fondo rosso e croce bianca (o argentata) sono il simbolo della città di Asti. Se guardi bene, c’è però un palazzo che ha anche altre bandiere: una tricolore, una blu con delle stelle gialle.. prova a scoprire che cos’è questo palazzo speciale.",
        "type": 102
      },
	  {
        "pathPhoto": "05.jpg",
        "title": "Lo stemma",
        "description": "Ora aguzza la vista: riesci a vedere dove si trova questa targa? Sotto lo stemma è presente un’iscrizione: ASTE NITET MUNDO SANCTO CUSTODE SECUNDO. E’ in latino e significa <i>Asti risplende nel mondo per merito del suo Santo Custode Secondo</i>.",
        "type": 102
      },
	  {
        "pathPhoto": "06.jpg",
        "title": "I segreti dello scalone",
        "description": "Se sei nella piazza durante gli orari di apertura del Comune, chiedi a un custode di farti entrare nello scalone. Ad attenderti c’è la statua di un illustre personaggio: Vittorio Alfieri! Vittorio Alfieri è stato uno dei nostri scrittori più importanti, ed è nato proprio qui ad Asti nel 1749. La città è sempre stata molto orgogliosa di lui, ed è per questo che lo ricorda con targhe, monumenti e luoghi che portano il suo nome. Se guardi in alto, dovresti riuscire a trovare un’altra sua raffigurazione...questa volta però dipinta!",
        "type": 104
      },
	  {
        "pathPhoto": "07.jpg",
        "title": "Il Palio",
        "description": "Prima di uscire dallo scalone del Comune, prova a trovare questo dipinto sul muro. Rappresenta il Palio, la corsa di cavalli in onore di San Secondo. In passato il palio non si correva all’interno di una piazza, come si fa oggi, ma lungo un percorso che attraversava la via principale della città: sai come si chiama oggi? Corso Alfieri...proprio in onore del signore che hai visto prima!",
        "type": 101
      }
    ],
    "audio": null,
    "drone": {
      "path": "drone.mp4",
      "lock": true
    },
    "pano": null
  },
  {
    "idPoi": "palazzo_mazzetti",
    "name": "Palazzo Mazzetti",
    "type": 1,
    "imgPath": "t2.png",
    "shortDescription": "E’ uno dei palazzi più importanti della città, e le sue stanze sono un vero e proprio labirinto di bellezza.",
    "rating": 3.7,
    "latLng": {
      "lat": "44.899567",
      "lng": "8.200621"
    },
    "markerImgPath": "ic_palazzo_mazzetti.png",
    "distanceToNextPoi": {
      "distance": "71 m",
      "duration": "1 min",
      "polylinePoints": "el`qGau`q@RpD"
    },
    "timetable": "Da martedì a domenica dalle ore 10.30 alle ore 18.30 (ultimo ingresso ore 17.30)",
    "title": "Palazzo Mazzetti",
    "longDescription": "Palazzo Mazzetti è uno degli edifici più belli di tutta la città. Si chiama così perchè fu l’importante famiglia dei Mazzetti che lo fece costruire molti secoli fa, intorno al 1700. Quando si visita il palazzo, una delle cose più belle è perdersi nel labirinto delle sue stanze e guardare come ognuna sia diversa dall’altra. Oggi i Mazzetti non abitano più qui, ma ci sono ancora molte tracce che parlano di loro...scopriamole insieme!",
    "gallery": [
      {
        "pathPhoto": "08.jpg",
        "title": "Lo scalone",
        "description": "Le stanze più belle del palazzo si trovano al primo piano, detto anche “piano nobile”. Per arrivare lassù bisogna salire da uno splendido scalone. Guarda: è sempre pieno di luce, anche quando fuori è nuvoloso. Sai perchè? E’ perchè ci sono tante finestre ed è decorato con pietre, stucchi e intonaci di colore chiaro, che amplificano l’effetto luminoso. Se guardi il soffitto vedrai che ci sono due “amorini”: uno ha in mano….una mazza! Non vuole fare male all’altro: la mazza è infatti il simbolo della famiglia Mazzetti, e la sua presenza in diversi punti del palazzo ricorda come il palazzo appartenesse proprio a questa famiglia. Tu quale simbolo o disegno usi per contraddistinguere un oggetto che ti appartiene?",
        "type": 103
      },
      {
        "pathPhoto": "09.jpg",
        "title": "Il salone d'onore",
        "description": "Lo scalone porta direttamente al salone d’onore. Come dice la parola stessa, si tratta di un grande ambiente che serviva ad accogliere gli ospiti e a far vedere l’importanza e la ricchezza del proprietario del palazzo. Oggi le pareti sono decorate con dei grandi quadri di diverse epoche: sono solo alcune delle opere che appartengono al Museo Civico e che sono esposte in queste belle sale. Anche il lampadario, in prezioso vetro di Murano, è molto bello: sei d’accordo?",
        "type": 104
      },
      {
        "pathPhoto": "10.jpg",
        "title": "La sala dello zodiaco",
        "description": "Eccoci in un’altra bella sala del palazzo. Qui gli affreschi (cioè le immagini dipinte sul soffitto) rappresentano personaggi e scene legate allo scorrere del tempo, un tema molto di moda all’epoca dei Mazzetti! A te cosa viene in mente quando pensi al passare del tempo? Nel passato gli artisti spesso rappresentavano lo scorrere del tempo dipingendo le 4 stagioni e le 4 età dell’uomo (infanzia, giovinezza, maturità e vecchiaia): se guardi il soffitto, riesci a trovare 4 personaggi che simboleggiano proprio le stagioni e le diverse età? Il tempo che passa può essere rappresentato anche attraverso le diverse costellazioni che illuminano il cielo notturno in diversi momenti dell’anno e che determinano il segno zodiacale di una persona. Sul soffitto della sala ci sono degli enigmatici segni neri...si tratta dei simboli dei diversi segni zodiacali (Sagittario, Bilancia, Pesci, ecc.). Qual è il tuo segno zodiacale?",
        "type": 104
      },
      {
        "pathPhoto": "11.jpg",
        "title": "La galleria Mazzetti",
        "description": "Questa galleria, cioè un ambiente stretto e lungo, celebra la grandezza e l’importanza della famiglia Mazzetti. Guarda il soffitto e le decorazioni dorate: riesci a trovare lo stemma dei Mazzetti? E’ fatto così: si tratta di uno scudo che ha all’interno tre mazze. Forza, guarda bene intorno: ce n’è più di uno! In fondo alla galleria c’è un busto in marmo: raffigura il marchese Giovanni Battista Mazzetti, che commissionò molte delle belle decorazioni che si possono vedere ancora oggi nel palazzo. Guarda la sua espressione: come doveva essere il suo carattere? Quello che è sicuro è che portava delle folte parrucche ricciolute, un accessorio indispensabile per tutti gli uomini nobili che nel 1700 volevano essere alla moda! Cosa indossi tu oggi per essere alla moda?",
        "type": 100
      },
      {
        "pathPhoto": "12.jpg",
        "title": "La galleria degli stemmi",
        "description": "Lo stemma dei Mazzetti non è l’unico a essere presente nel palazzo: in questo ambiente sono ad esempio rappresentati gli stemmi dei Comuni che si trovano nei dintorni della città. Riesci a trovare quello di Asti? Dai poi un’occhiata al quadro appeso alla parete: fa vedere com’era Asti nel Medioevo, verso la metà del 1300. Se fossimo vissuti in quell’epoca, ci saremmo trovati in una città circondata da mura e piena di torri!",
        "type": 101
      },
      {
        "pathPhoto": "13.jpg",
        "title": "L'alcova",
        "description": "Dopo tutti questi ambienti di rappresentanza, eccoci finalmente nell’alcova! Questa sala dal nome misterioso non è altro che un’elegante camera da letto. Giovanni Battista Mazzetti la fece costruire in occasione del proprio matrimonio con Elena Caterina Ponte di Casalgrasso. Per far capire alla sua sposa quanto l’amasse, Giovanni Battista fece abbellire la stanza con delle bianche “sculture” in stucco, un materiale leggero e quindi molto adatto per decorare anche i soffitti. Alcune di queste decorazioni rappresentano cuori e fedi nuziali, evocando così il tema dell’amore fra i due sposi: riesci a trovarle?",
        "type": 104
      },
      {
        "pathPhoto": "14.jpg",
        "title": "La sala Delleani",
        "description": "Quando visiti il palazzo, fa’ anche attenzione ai quadri esposti nelle sale. Uno dei più belli è il “Pellegrinaggio ad Oropa” dipinto da Lorenzo Delleani verso la fine del 1800: rappresenta una processione, in cui i fedeli trasportano un crocifisso verso il grande santuario di Oropa. Il bambino in primo piano sembra incantato da quella moltitudine di persone: e tu, non sei colpito anche dalle dimensioni del quadro?",
        "type": 104
      },
      {
        "pathPhoto": "15.jpg",
        "title": "Tracce di Asti: la Cattedrale",
        "description": "Al secondo piano del palazzo sono esposti quadri e sculture che raccontano un po’ della storia di Asti, dei suoi artisti e dei suoi personaggi illustri.  Questo quadro rappresenta la Cattedrale, uno degli edifici religiosi più famosi e importanti di tutta la città: valla a visitare per davvero! Ti stupirà per le sue dimensioni: è infatti una delle chiese più grandi di tutto il Piemonte. La sua altezza si può intuire già da questo dipinto: vedi come, in proporzione, sono piccole le persone?",
        "type": 102
      },
      {
        "pathPhoto": "16.jpg",
        "title": "Altre tracce: il mercato",
        "description": "Questo quadro ci fa vedere una scena di mercato all’aperto. Il mercato è sempre stata un’attività molto importante per Asti, e in passato diversi tipi di mercato (della verdura, della paglia, del bestiame…) si svolgevano in diverse piazze della città. Qui è rappresentato il mercato della frutta e della verdura: vedi come le merci fanno bella mostra di sè sulle bancarelle? Riesci a distinguere alcuni degli ortaggi o dei frutti che il pittore ha voluto rappresentare? Le forme non sono ben distinte, ma i colori possono aiutarti a indovinare!",
        "type": 104
      },
      {
        "pathPhoto": "17.jpg",
        "title": "Il giardinetto",
        "description": "Prima di andare via, non dimenticarti di fare un salto nel giardinetto che c’è proprio fuori al palazzo: ci sono panchine per riposarsi, alberi sotto cui nascondersi e una bella scultura che rappresenta un alveare pieno di api. Le api sono un po’ dispettose e si nascondono di qua e di là: sfidale e prova a contare quante sono!",
        "type": 102
      }
    ],
    "audio": null,
    "drone": null,
    "pano": {
      "lock": true,
      "imgPath": {
        "front": "mazzettiF.jpg",
        "right": "mazzettiR.jpg",
        "back": "mazzettiB.jpg",
        "left": "mazzettiL.jpg",
        "up": "mazzettiU.jpg",
        "down": "mazzettiD.jpg"
      },
      "hotspotList": [
        {
          "id": "HS1",
          "name": "Giovanni Battista Mazzetti",
          "caption": "Fece costruire la Galleria, che fu terminata nel 1730.",
          "imgPath": "HS1.jpg",
		  "iconPath": null,
          "lat": 0.3062828,
          "lon": -0.9079326,
          "numSeqPoi": null
        },
        {
          "id": "HS2",
          "name": "Il Principe di Piemonte",
          "caption": "Ritratto sul cocchio trainato da leoni. Affresco di Giovanni Antonio Caccioli (Bologna, 1672-1740).",
          "imgPath": "HS2.jpg",
		  "iconPath": null,
          "lat": 1.4040157,
          "lon": 2.2755225,
          "numSeqPoi": null
        },
		{
          "id": "HS3",
          "name": "Glorificazione della famiglia Mazzetti",
          "caption": "Affresco di Giovanni Antonio Caccioli (Bologna, 1672-1740).",
          "imgPath": "HS3.jpg",
		  "iconPath": null,
          "lat": 1.1131848,
          "lon": -0.5912501,
          "numSeqPoi": null
        },
		{
          "id": "HS4",
          "name": "Console",
          "caption": "Del 1730 circa, con piano in diaspro di Sicilia.",
          "imgPath": "HS4.jpg",
		  "iconPath": null,
          "lat": -0.23338404,
          "lon": -2.3027418,
          "numSeqPoi": null
        },
		{
          "id": "HS5",
          "name": "Ritratto di Vittorio Emanuele I",
          "caption": "Il Duca di Savoia visse nell’epoca della Rivoluzione francese e di Napoleone.",
          "imgPath": "HS5.jpg",
		  "iconPath": null,
          "lat": 0.1622515,
          "lon": -1.9130796,
          "numSeqPoi": null
        },
		{
          "id": "HS6",
          "name": "Ritratto di Maria Teresa d’Austria Este",
          "caption": "Fu la moglie di Vittorio Emanuele I.",
          "imgPath": "HS6.jpg",
		  "iconPath": null,
          "lat": 0.037802037,
          "lon": -1.2401656,
          "numSeqPoi": null
        },
		{
          "id": "HS7",
          "name": "Ritratto di Maria Beatrice di Savoia",
          "caption": "Fu una delle figlie di Vittorio Emanule I e Maria Teresa d’Austria.",
          "imgPath": "HS7.jpg",
		  "iconPath": null,
          "lat": 0.26998436,
          "lon": -3.0823972,
          "numSeqPoi": null
        },
		{
          "id": "HS8",
          "name": "Ritratto della Principessa Maria Teresa di Savoia",
          "caption": "Fu una delle figlie di Vittorio Emanule I e Maria Teresa d’Austria.",
          "imgPath": "HS8.jpg",
		  "iconPath": null,
          "lat": -0.011247501,
          "lon": 2.4988315,
          "numSeqPoi": null
        },
		{
          "id": "HS9",
          "name": "Decorazioni dorate con attori della Commedia dell’Arte",
          "caption": "Lo stile si ispira a modelli francesi.",
          "imgPath": "HS9.jpg",
		  "iconPath": null,
          "lat": -0.31899697,
          "lon": -0.034954444,
          "numSeqPoi": null
        }
      ]
    }
  },
  {
    "idPoi": "cripta_e_musei_di_sant_anastasio",
    "name": "Cripta e Musei di Sant'Anastasio",
    "type": 6,
    "imgPath": "t3.png",
    "shortDescription": "Pronti a scendere nei sotterranei della città per scoprire i resti di tombe e antiche chiese?",
    "rating": 3.7,
    "latLng": {
        "lat": "44.899398",
        "lng": "8.199736"
    },
    "markerImgPath": "ic_cripta_e_museo_sant_anastasio.png",
    "distanceToNextPoi": {
      "distance": "0.4 Km",
      "duration": "5 min",
      "polylinePoints": "qk`qGoo`q@VtCuAt@o@l@mA`Bi@dADlALEHzCJx@aA\\"
    },
    "timetable": "",
    "title": "Cripta e Musei di Sant'Anastasio",
    "longDescription": "Lo sai che il sottosuolo di Asti nasconde un segreto? Basta scendere un paio di rampe di gradini, e ci si trova catapultati in un’atmosfera d’altri tempi, con colonne, frammenti di muri e resti di antiche chiese… Prova a fare l’archeologo e scopri le storie che si nascondono dietro questi resti misteriosi.",
    "gallery": [
      {
        "pathPhoto": "18.jpg",
        "title": "Antiche sculture",
        "description": "Appena entrato nel museo, ti troverai davanti a un lungo corridoio. Qui sono esposti tanti oggetti di pietra scolpita. Furono realizzati quasi mille anni fa da abili scultori, e un tempo decoravano le colonne di una chiesa che si trovava proprio qui, dove sei tu oggi. Le decorazioni sono quasi tutte diverse fra loro: riesci a trovare il grappolo d’uva? E l’angelo?",
        "type": 104
      },
      {
        "pathPhoto": "19.jpg",
        "title": "La chiesa antica",
        "description": "Continua la tua caccia al tesoro cercando questo disegno. Appena l’hai trovato, guardalo bene: rappresenta la grande chiesa che c’era qui verso il 1100 dopo Cristo. All’interno c’erano molte colonne: vedi che in cima c’erano delle sporgenze che le mettevano in collegamento con gli archi? Quelle sporgenze scolpite sono i capitelli...che hai visto poco fa nel corridoio! Le colonne avevano una base arrotondata. Esplora il museo e prova a vedere dove si nascondono le basi arrotondate di queste antiche colonne.",
        "type": 101
      },
      {
        "pathPhoto": "20.png",
        "title": "Uno spazio da esplorare",
        "description": "Sei riuscito a trovare questo grande ambiente? Qui sono esposti dei reperti che gli archeologi hanno trovato durante i loro scavi e le loro ricerche per la città. Fai bene attenzione: sono quasi tutti oggetti di pietra. La pietra infatti è un materiale che resiste bene al trascorrere del tempo: questi oggetti hanno tanti secoli, ma grazie alla resistenza del materiale con cui sono fatti sono arrivati fino a noi. Ci sono stemmi di nobili famiglie astigiane, capitelli e...persino un frammento di fontana: riesci a trovarla? Un piccolo indizio: devi cercare il buchino da cui usciva l’acqua...",
        "type": 104
      },
      {
        "pathPhoto": "21.jpg",
        "title": "Le tombe",
        "description": "Ehi, ma quelle...sono delle tombe! Proprio così: gli archeologi hanno trovato anche delle tombe, appartenute a dei nobili longobardi. I longobardi erano una popolazione di origini germaniche che si spostò nel Nord Italia nel 568 d.C., guidata dal re Alboino. I longobardi stabilirono proprio ad Asti un loro ducato e costruirono qui, dove ti trovi oggi, un’antichissima chiesa. Alcuni nobili si fecero seppellire proprio intorno alla chiesa, perchè all’epoca era considerato un grandissimo privilegio.",
        "type": 101
      },
      {
        "pathPhoto": "22.jpg",
        "title": "La cripta",
        "description": "Eccoci finalmente nella cripta! La cripta è un ambiente sotterraneo, che veniva solitamente costruito per ospitare le reliquie di un santo o di personaggi particolarmente importanti. La cripta era dunque uno spazio non subito visibile: non a caso il termine cripta deriva da un’antica parola greca, che significa proprio “essere nascosto”. Ora esplora la cripta e prova a cercare dove si nasconde il capitello che vedi nella foto. Riesci a trovare anche quello con gli uccelli e l’uva? Come avrai notato, anche qui nella cripta i capitelli sono tutti diversi fra loro. Questa caratteristica era tipica del Romanico, uno stile artistico e architettonico che era in voga quando fu costruita questa cripta, intorno al 1100 d.C.",
        "type": 103
      }
    ],
    "audio": null,
    "drone": null,
    "pano": {
      "lock": true,
      "imgPath": {
        "front": "criptaF.jpg",
        "right": "criptaR.jpg",
        "back": "criptaB.jpg",
        "left": "criptaL.jpg",
        "up": "criptaU.jpg",
        "down": "criptaD.jpg"
      },
      "hotspotList": [
        {
          "id": "HS1",
          "name": "Giovanni Battista Mazzetti",
          "caption": "Fece costruire la Galleria, che fu terminata nel 1730.",
          "imgPath": "HS1.jpg",
		  "iconPath": null,
          "lat": 0.3062828,
          "lon": -0.9079326,
          "numSeqPoi": null
        },
        {
          "id": "HS2",
          "name": "Il Principe di Piemonte",
          "caption": "Ritratto sul cocchio trainato da leoni. Affresco di Giovanni Antonio Caccioli (Bologna, 1672-1740).",
          "imgPath": "HS2.jpg",
		  "iconPath": null,
          "lat": 1.4040157,
          "lon": 2.2755225,
          "numSeqPoi": null
        },
		{
          "id": "HS3",
          "name": "Glorificazione della famiglia Mazzetti",
          "caption": "Affresco di Giovanni Antonio Caccioli (Bologna, 1672-1740).",
          "imgPath": "HS3.jpg",
		  "iconPath": null,
          "lat": 1.1131848,
          "lon": -0.5912501,
          "numSeqPoi": null
        },
		{
          "id": "HS4",
          "name": "Console",
          "caption": "Del 1730 circa, con piano in diaspro di Sicilia.",
          "imgPath": "HS4.jpg",
		  "iconPath": null,
          "lat": -0.23338404,
          "lon": -2.3027418,
          "numSeqPoi": null
        },
		{
          "id": "HS5",
          "name": "Ritratto di Vittorio Emanuele I",
          "caption": "Il Duca di Savoia visse nell’epoca della Rivoluzione francese e di Napoleone.",
          "imgPath": "HS5.jpg",
		  "iconPath": null,
          "lat": 0.1622515,
          "lon": -1.9130796,
          "numSeqPoi": null
        },
		{
          "id": "HS6",
          "name": "Ritratto di Maria Teresa d’Austria Este",
          "caption": "Fu la moglie di Vittorio Emanuele I.",
          "imgPath": "HS6.jpg",
		  "iconPath": null,
          "lat": 0.037802037,
          "lon": -1.2401656,
          "numSeqPoi": null
        },
		{
          "id": "HS7",
          "name": "Ritratto di Maria Beatrice di Savoia",
          "caption": "Fu una delle figlie di Vittorio Emanule I e Maria Teresa d’Austria.",
          "imgPath": "HS7.jpg",
		  "iconPath": null,
          "lat": 0.26998436,
          "lon": -3.0823972,
          "numSeqPoi": null
        },
		{
          "id": "HS8",
          "name": "Ritratto della Principessa Maria Teresa di Savoia",
          "caption": "Fu una delle figlie di Vittorio Emanule I e Maria Teresa d’Austria.",
          "imgPath": "HS8.jpg",
		  "iconPath": null,
          "lat": -0.011247501,
          "lon": 2.4988315,
          "numSeqPoi": null
        },
		{
          "id": "HS9",
          "name": "Decorazioni dorate con attori della Commedia dell’Arte",
          "caption": "Lo stile si ispira a modelli francesi.",
          "imgPath": "HS9.jpg",
		  "iconPath": null,
          "lat": -0.31899697,
          "lon": -0.034954444,
          "numSeqPoi": null
        }
      ]
    }
  },
  {
    "idPoi": "domus_romana",
    "name": "Domus romana",
    "type": 6,
    "imgPath": "t4.png",
    "shortDescription": "Fate gli archeologi e scoprite la storia dell’antica <i>Hasta</i>",
    "rating": 3.7,
    "latLng": {
      "lat": "44.900564",
      "lng": "8.196087"
    },
    "markerImgPath": "ic_domus_romana.png",
    "distanceToNextPoi": {
      "distance": "0.7 Km",
      "duration": "9 min",
      "polylinePoints": "os`qGqx_q@e@@OAK[UuAOe@QgAc@oFGeCu@}DQ?HsAHaALu@HWh@a@LIPCCyATqCd@uCKwBCg@MKEA"
    },
    "timetable": "",
    "title": "Domus Romana",
    "longDescription": "Hai  visto quanti negozi, piazze e palazzi ci sono ad Asti? Asti è proprio una città moderna, ma lo sapevi che le sue origini sono molto antiche? Fu fondata addirittura in epoca romana, circa 2000 anni fa. Esplora questa tappa e scopri i segreti  di una “domus”, una lussuosa casa di tanti anni fa.",
    "gallery": [
      {
        "pathPhoto": "23.jpg",
        "title": "Le scoperte degli archeologi",
        "description": "Gli  archeologi hanno trovato i resti della <i>domus</i> scavando nel terreno con pale e cazzuole.",
        "type": 101
      },
      {
        "pathPhoto": "24.jpg",
        "title": "Un mosaico eccezionale",
        "description": "Qui davanti puoi ammirare i resti di un bellissimo pavimento: è un mosaico, ed è stato realizzato mettendo una vicino all’altra tante tesserine di pietre di diversi colori. Quali forme geometriche riconosci? Riesci a vedere anche degli animaletti? Le parti colorate del mosaico sono particolarmente preziose, perchè sono realizzate con pietre pregiate. Una decorazione così preziosa era stata realizzata per essere messa in bella vista: il pavimento si trovava infatti nella sala da pranzo.",
        "type": 104
      },
      {
        "pathPhoto": "25.jpg",
        "title": "Che lusso!",
        "description": "La preziosità del mosaico ci fa capire che questa casa doveva essere molto lussuosa per l’epoca. Sai che la domus era dotata anche di un riscaldamento a pavimento? L’hanno scoperto gli archeologi grazie a quei pilastrini laggiù. Con la loro altezza permettevano di creare uno spazio vuoto fra la loro base e il pavimento della casa: così poteva circolare l’aria calda, che riscaldava le stanze dal basso. Ma dove veniva riscaldata l’aria? Probabilmente in un forno vicino, che però oggi non si vede più.",
        "type": 103
      },
      {
        "pathPhoto": "26.jpg",
        "title": "Le decorazioni",
        "description": "Anche le pareti della casa erano rese più belle da alcuni accorgimenti: in questo caso non si tratta di mosaici, ma di una “tinta” che rivestiva le pareti. Per vedere un piccolo frammento e immaginare come fossero, devi guardare un angolo della sala, dove si incrociano due bassi muri.",
        "type": 104
      },
      {
        "pathPhoto": "27.jpg",
        "title": "Altre tracce di epoca romana",
        "description": "Quando esci dalla domus fai attenzione alla Torre Rossa. E’ uno dei pochi resti della città romana che si possono vedere ancora oggi senza...addentrarsi fra gli scavi! Faceva parte di una porta monumentale, che permetteva di entrare e uscire dalla città. La porta si trovava al termine di una delle vie più importanti della città, il “decumano massimo”. Ancora oggi corrisponde a  una via molto importante: Corso Alfieri.",
        "type": 102
      }
    ],
    "audio": null,
    "drone": null,
    "pano": null
  },
  {
    "idPoi": "torre_troyana",
    "name": "Torre Troyana",
    "type": 8,
    "imgPath": "t5.png",
    "shortDescription": "Che alta questa torre! E che bel panorama di vede da quassù!",
    "rating": 3.7,
    "latLng": {
        "lat": "44.901062",
        "lng": "8.204218"
    },
    "markerImgPath": "ic_torre_troiana.png",
    "distanceToNextPoi": {
      "distance": "0,3 Km",
      "duration": "4 min",
      "polylinePoints": "sv`qGikaq@RLJwBLaD@oAEeAqAbAuAsE"
    },
    "timetable": "",
    "title": "Torre troiana",
    "longDescription": "La Torre Troiana è uno dei monumenti più importanti di tutta Asti. Fu costruita nel 1200 (cioè nel Medioevo) da un’importante famiglia, come simbolo di potere e ricchezza: solo delle persone  molto facoltose potevano infatti permettersi di possedere una torre così alta. In altezza misura addirittura 44 metri: più o meno come un moderno palazzo di 10 piani. Si tratta di un vero e proprio record: la Torre Troiana è infatti la torre medievale più alta di tutto il Piemonte! Questo non è però il suo unico primato….Forza, scopriamo insieme i suoi segreti.",
    "gallery": [
      {
        "pathPhoto": "28.jpg",
        "title": "Uno status symbol d’altri tempi",
        "description": "La torre è fatta di mattoni rossi. Non fu costruita in un’unica volta, ma in momenti successivi. Da che cosa si può capire? Basta guardarla bene. Vedi che a un certo punto ci sono delle finestre? Ecco, quella parte fu costruita in un secondo  momento. Come mai? Poco prima del 1300, la famiglia Troia fu scacciata dalla città, perchè rivale di un’altra importante famiglia. Dopo un periodo di esilio, i Troia ritornarono in città, e per far capire a tutti il proprio potere, decisero di rendere più alta e più bella  la loro torre. La torre a quell’epoca rappresentava una specie di “status symbol”. Ti vengono in mente  degli “status symbol” usati al giorno d’oggi?",
        "type": 103
      },
      {
        "pathPhoto": "29.jpg",
        "title": "Gli archetti",
        "description": "Riesci a vedere i mattoni arancioni, alternati a blocchetti di pietra  bianca? Questa tecnica costruttiva è tipica del territorio di Asti, e nel Medioevo  veniva usata proprio per  rendere più belli e raffinati gli edifici: sei d’accordo? Quale parte della torre ti piace di più?",
        "type": 104
      },
      {
        "pathPhoto": "30.jpg",
        "title": "Andiamo in cima!",
        "description": "La torre si può visitare anche dall’interno. Per arrivare fino in cima bisogna sfidare molti scalini: sei pronto a scoprire quanti sono? Prova a contarli mentre sali. Se sei stanco, ogni tanto puoi fermarti sui pianerottoli della scala e approfittarne per osservare un po’ di panorama.",
        "type": 103
      },
      {
        "pathPhoto": "31.jpg",
        "title": "Che bel panorama quassù",
        "description": "Eccoci, finalmente siamo arrivati! Hai fatto tanta fatica o ti sei divertito? Da quassù si riesce a vedere tutta la città: i tetti rossi, le cupole delle chiese, le torri…Si vedono anche le colline! Una grande ricchezza di Asti è infatti la natura circostante:  da questo territorio provengono infatti vini pregiati e gustosi prodotti agricoli. Un esempio sono le nocciole, che vengono utilizzate come ingrediente per torte, biscotti, gelati e creme spalmabili. Ricordati di Asti, la prossima volta che mangerai una torta di nocciole!",
        "type": 102
      }
    ],
    "audio": null,
    "drone": {
      "path": "drone.mp4",
      "lock": true
    },
    "pano": null
  },
  {
    "idPoi": "i_dolci_tipici",
    "name": "E' ora di merenda",
    "type": 3,
    "imgPath": "t6.png",
    "shortDescription": "Giocare e divertirsi mette proprio fame: ecco dove si può fare una pausa golosa...",
    "rating": 3.7,
    "latLng": {
        "lat": "44.901712",
        "lng": "8.2070036"
    },
    "markerImgPath": "ic_e_ora_di_merenda.png",
    "distanceToNextPoi": {
      "distance": "0.6 Km",
      "duration": "8 min",
      "polylinePoints": "qz`qG{|aq@tArEpAcAJODK?OQs@|A}CxAuCNk@DIRIx@@H@tBx@VMN_@MoBW{C@O"
    },
    "timetable": "",
    "title": "E' ora di merenda",
    "longDescription": "Girare per la città mette un po’ fame. Scopri gli angoli più golosi di Asti e scegli dove preferisci fermarti per una gustosa merenda dolce o salata. Riprendi le forze e poi...rimettiti in marcia! Nella galleria fotografica puoi trovare qualche suggerimento.",
    "gallery": [
      {
        "pathPhoto": "34.jpg",
        "title": "La piadina",
        "description": "Se sei vicino a Piazza San Secondo, puoi provare una delle deliziose piadine di <a href=\"http://www.tripadvisor.it/Restaurant_Review-g187852-d5770258-Reviews-Gina_la_Piadina-Asti_Province_of_Asti_Piedmont.html\">Gina la Piadina</a> (via Gobetti n. 8). La piadina è un piatto originario dell’Emilia Romagna, ma qui i ripieni cercano di valorizzare anche la tradizione locale dei salumi, dei formaggi, dei funghi...Dentro c’è anche posto per sedersi, e se vuoi puoi anche giocare con uno dei tablet a disposizione dei clienti. Buon appetito!",
        "type": 102
      },
      {
        "pathPhoto": "35.jpg",
        "title": "I gelati",
        "description": "n città ci sono tante gelaterie. Una delle più buone è <a href=\" http://www.tripadvisor.it/Restaurant_Review-g187852-d2175314-Reviews-Grom-Asti_Province_of_Asti_Piedmont.html\">Grom</a> (Piazza San Secondo n. 6), dove ogni mese puoi trovare un gusto diverso, oltre ad alcuni grandi classici come la nocciola o il gianduia, che valorizzano proprio uno dei prodotti tipici della campagna astigiana. Le nocciole sono infatti una delle coltivazioni più caratteristiche delle colline intorno ad Asti e...hanno anche un nome particolare: per via del loro gusto inconfondibile e della loro forma, sono dette \"tonde gentili trilobate\". Se visiti Asti in autunno o inverno, prova la gustosa cioccolata calda, magari con un po’ di panna, e...non te ne pentirai!",
        "type": 102
      },
      {
        "pathPhoto": "36.png",
        "title": "Caffetteria e frullati",
        "description": "Se hai bisogno di un po’ di energia e gusto, ma non vuoi smettere di camminare per la città, puoi fare una brevissima tappa da <a href = \"http://www.tripadvisor.it/Restaurant_Review-g187852-d6715784-Reviews-Busters_Coffee-Asti_Province_of_Asti_Piedmont.html\">Busters Coffee</a> (Piazza San Secondo n. 14) e chiedere una bevanda calda o un frullato da sorseggiare nel tipico bicchiere di carta da asporto. Così potrai passeggiare per Asti con il tuo bicchiere, facendo come gli abitanti di grandi metropoli come New York e Londra!",
        "type": 102
      },
      {
        "pathPhoto": "37.jpg",
        "title": "La pasticceria",
        "description": "<a href=\"http://www.tripadvisor.it/Attraction_Review-g187852-d5028883-Reviews-Pasticceria_Giordanino-Asti_Province_of_Asti_Piedmont.html\">La pasticceria Giordanino</a> merita una visita innanzi tutto per la sua bellezza. Comincia ad ammirare le sue invitanti vetrine in Corso Alfieri n. 254 e poi entra: ad accoglierti ci saranno specchi, intagli di legno e ovviamente...tante specialità! Una curiosità: qui moltissimi dolci si ispirano a manifestazioni o personaggi locali. C’è ad esempio la Torta del Palio, dedicata alla corsa di cavalli che si tiene in città almeno a partire dal 1275; oppure il cioccolatino alfierino, che ricorda il grande poeta astigiano Vittorio Alfieri, o ancora il Pan d’la Douja, che porta il nome di un panciuto boccale usato dai contadini piemontesi. Mi raccomando, fai attenzione perchè...alcuni dolci hanno un po’ di liquore. Hic!",
        "type": 102
      },
      {
        "pathPhoto": "38.jpg",
        "title": "L'imbarazzo della scelta!",
        "description": "Da <a href = \”http://www.eataly.net/it_it/negozi/asti/\”>Eataly</a> non solo puoi fare una pausa, ma anche curiosare fra gli scaffali, per scoprire insieme a chi ti accompagna i prodotti di eccellenza del Piemonte e di altre regioni italiane. Fra i prodotti tipici ci sono ad esempio <a href = \”http://www.barberodavide.it/prodotti.html\”>il cioccolato e il torrone Barbero</a>, che vengono prodotti qui nella zona di Asti dal 1883. Eataly si trova vicino a Piazza Alfieri, in Via Carlo Leone Grandi n.3, e di solito è aperto tutti i giorni dalle 9.30 alle 21.30.",
        "type": 102
      }
    ],
    "audio":null,
    "drone":null,
    "pano": null
  },
  {
    "idPoi": "il _parco_della_resistenza",
    "name": "Il Parco della Resistenza",
    "type": 5,
    "imgPath": "t7.png",
    "shortDescription": "Qui si può giocare all’aria aperta, andando sulle altalene e scoprendo piante e animali",
    "rating": 3.7,
	"latLng": {
        "lat": "44.899065",
        "lng": "8.210163"
    },
    "markerImgPath": "ic_il_parco_della_resistenza.png",
    "distanceToNextPoi": {
      "distance": "0.2 Km",
      "duration": "2 min",
      "polylinePoints": "el`qGku`q@c@uEYcC^B"
    },
    "timetable": "",
    "title": "Il Parco della Resistenza",
    "longDescription": "Se si vuole fare una passeggiata nel verde senza uscire dalla città, il luogo ideale è il Parco della Resistenza. Qui si può camminare per i vialetti, scoprendo alberi secolari, monumenti e...giochi avventurosi! Come per tutti i parchi, è bene andare quando non è buio, accompagnati da un adulto.",
    "gallery": [
      {
        "pathPhoto": "39.jpg",
        "title": "Il laghetto",
        "description": "Nel parco c’è un bel laghetto alimentato da alcune fontane. Se guardi bene, noterai che il laghetto è abitato da pesci di colore rosso e da...tartarughe! Ammira con calma l’aspetto e il comportamento di questi animali, ma non dare loro da mangiare pane o altri alimenti: le tartarughe d’acqua si nutrono infatti di gamberetti, pesciolini e uova di pesce, e vengono sfamate da appositi incaricati del Comune (che conoscono bene la loro dieta!).",
        "type": 102
      },
      {
        "pathPhoto": "40.jpg",
        "title": "gallery 2 dolor sit amet, consectetur",
        "description": "Nel giardino ci sono anche degli alberi secolari: un esempio è la Paulownia che fu piantata alla fine del 1800 proprio in occasione dell’apertura del giardino pubblico. Cercala, mentre passeggi per i vialetti: una targa potrà aiutarti a trovarla. La Paulownia è un albero originario della Cina ormai molto usato in Europa, soprattutto a fini ornamentali e nell’industria del mobile.",
        "type": 102
      },
      {
        "pathPhoto": "41.jpg",
        "title": "Il monumento a Vittorio Emanuele II",
        "description": "Chi è quell’uomo con i baffi? Se è stato raffigurato con una statua così grande, deve essere stato per forza un personaggio molto importante: è infatti il primo re d’Italia, Vittorio Emanuele II. Oggi questo personaggio ci sembra un po’ distante dalla nostra vita quotidiana: quando fu realizzato il monumento, nel 1884, Vittorio Emanuele era però morto da poco (1878), e il suo ricordo era ancora ben vivo nella mente di tutti. Il monumento ci aiuta a ricordare ancora dopo tanti anni la sua figura e l’importante ruolo che ebbe per la storia del nostro paese: è anche grazie a lui che l’Italia venne unificata (1861). Una curiosità. Si dice che i suoi baffi “a manubrio” ispirarono la forma di alcuni biscotti che si mangiano soprattutto in Piemonte: i krumiri!",
        "type": 100
      },
      {
        "pathPhoto": "42.jpg",
        "title": "Giochi divertenti",
        "description": "Se ti resta ancora un po’ di energia, puoi fermarti a giocare con gli scivoli, i tunnel e le altalene che si trovano in uno degli angoli del parco. Divertiti ma fa’ sempre molta attenzione a dove metti le mani e i piedi! ",
        "type": 102
      }
    ],
    "audio": null,
    "drone": null,
    "pano": null
  }
]
